Package Name,App Version Code,App Version Name,Reviewer Language,Device,Review Submit Date and Time,Review Submit Millis Since Epoch,Review Last Update Date and Time,Review Last Update Millis Since Epoch,Star Rating,Review Title,Review Text,Developer Reply Date and Time,Developer Reply Millis Since Epoch,Developer Reply Text,Review Link
com.quipper.school.assignment,27931,6.0.33,id,1902,12/1/2020 7:08,1.60678E+12,12/1/2020 7:08,1.60678E+12,5,,,,,,
com.quipper.school.assignment,28122,6.0.34,en,j7elte,12/1/2020 7:22,1.60678E+12,12/1/2020 7:22,1.60678E+12,5,,Im a home schooler,,,,http://play.google.com/console/developers/4918360869960997146/app/4974629343297863794/user-feedback/review-details?reviewId=gp:AOqpTOEhLAtN3M8qtlZGPYX0xEanFe_aro9HRJOV4eaVvbw0s4HnLtc_0IORGi_NS-uC0JyrP5nEqCslaqJrgQ&corpus=PUBLIC_REVIEWS
com.quipper.school.assignment,,,id,Infinix-X680B,12/1/2020 8:02,1.60678E+12,12/1/2020 8:02,1.60678E+12,5,,,,,,
com.quipper.school.assignment,,,id,A37f,12/1/2020 8:15,1.60679E+12,12/1/2020 8:15,1.60679E+12,5,,,,,,
com.quipper.school.assignment,,,id,sakura_india,12/1/2020 9:04,1.60679E+12,12/1/2020 9:04,1.60679E+12,1,,jelek,12/10/2020 17:48,1.6076E+12,"Halo, terima kasih untuk masukannya, boleh tolong kirimkan masukan lebih detail ke email kami di info-id@quipper.com atau hubungi WA di 0811 9941 637.",http://play.google.com/console/developers/4918360869960997146/app/4974629343297863794/user-feedback/review-details?reviewId=gp:AOqpTOGEQyL_CGYaYACXk_vLONF_WTvDD9u1a1pBNd0papKvb4JPyxPGooQ5sUcbKWKN1TQvxawYNVpx_AIkNQ&corpus=PUBLIC_REVIEWS
com.quipper.school.assignment,28326,6.0.35,id,1819,12/1/2020 9:15,1.60679E+12,12/1/2020 9:17,1.60679E+12,1,,"Quiper banyak masalah bug... tolong di perbaiki lagi, masalahnya.... tiba"" aja soalnya udah keisi sendiri padahal sya belum jawab mana itu soal ujian lagi sya jadi salah banyak?????? terus pas lagi ngejawab apknya keluar sendiri udah berapa kali kyk gitu kak.... Pokoknya Sya kecewa dgn apk ini???? knp harus ini padahal googleclassroom ada.....??",12/10/2020 17:48,1.6076E+12,"Halo, terima kasih untuk masukannya, boleh tolong kirimkan masukan lebih detail ke email kami di info-id@quipper.com atau hubungi WA di 0811 9941 637.",http://play.google.com/console/developers/4918360869960997146/app/4974629343297863794/user-feedback/review-details?reviewId=gp:AOqpTOEZ49Vt7w1Gl-fOPSyJGHPxnGXsVlUem14G5-hyDWEAwFRPqsIqztCdu80V3EVHT6B9ZawmOTlz-A9fSQ&corpus=PUBLIC_REVIEWS
com.quipper.school.assignment,,,id,EVERCOSS_M50_STAR,12/1/2020 9:20,1.60679E+12,12/1/2020 9:20,1.60679E+12,5,,,,,,
com.quipper.school.assignment,28326,6.0.35,id,K350t,12/1/2020 9:41,1.60679E+12,12/1/2020 9:41,1.60679E+12,1,,Cara keluar dari kelas nya gimana ya?,,,,http://play.google.com/console/developers/4918360869960997146/app/4974629343297863794/user-feedback/review-details?reviewId=gp:AOqpTOFaApO2tb1G5g0X20I09w6OyqzwO9EUFZOmfmd7lqNaMcQIdLokwxqaV-FSArIidU-k9HytDMi7c1dnRQ&corpus=PUBLIC_REVIEWS
com.quipper.school.assignment,,,id,OP4BFB,12/1/2020 9:59,1.60679E+12,12/1/2020 9:59,1.60679E+12,5,,,,,,
com.quipper.school.assignment,28326,6.0.35,id,m20lte,12/1/2020 10:53,1.60679E+12,12/1/2020 10:53,1.60679E+12,1,,Jelek gabisa ganti akun profil hehe papale,12/10/2020 17:48,1.6076E+12,"Halo, kamu bisa mengubah profil akun kamu dengan mengklik gambar profil kamu sekarang ya. :)",http://play.google.com/console/developers/4918360869960997146/app/4974629343297863794/user-feedback/review-details?reviewId=gp:AOqpTOEkm3j_MJzGa6cQQXoyhLisTl3FGgxq_VjtOmiroZyCuK5_Xh9CCs5Q22CYkRguvFdd1udGZFV82m-6lA&corpus=PUBLIC_REVIEWS
com.quipper.school.assignment,27931,6.0.33,id,CPH1909,12/1/2020 10:54,1.60679E+12,12/1/2020 10:54,1.60679E+12,5,,,,,,
com.quipper.school.assignment,28122,6.0.34,id,1802,12/1/2020 11:04,1.6068E+12,12/1/2020 11:04,1.6068E+12,5,,,,,,
com.quipper.school.assignment,28122,6.0.34,id,1820,12/1/2020 14:46,1.60681E+12,12/1/2020 14:46,1.60681E+12,5,,,,,,
com.quipper.school.assignment,28122,6.0.34,en,RE50BF,12/1/2020 15:02,1.60681E+12,12/1/2020 15:02,1.60681E+12,5,,,,,,
com.quipper.school.assignment,27931,6.0.33,id,begonia,12/1/2020 15:03,1.60681E+12,12/1/2020 15:03,1.60681E+12,4,,,,,,
com.quipper.school.assignment,,,id,pine,12/1/2020 19:20,1.60683E+12,12/1/2020 19:20,1.60683E+12,5,,,,,,
com.quipper.school.assignment,28326,6.0.35,id,j4primelte,12/1/2020 19:21,1.60683E+12,12/1/2020 19:21,1.60683E+12,5,,"Tampilannya simpel, elegan, gak ribet, the best lah!!!",12/10/2020 17:47,1.6076E+12,"Halo, terima kasih untuk feedback positifnya, kami merasa senang dapat membantu pembelajaran kamu, pastikan aplikasi kamu selalu terupdate ya :)",http://play.google.com/console/developers/4918360869960997146/app/4974629343297863794/user-feedback/review-details?reviewId=gp:AOqpTOEYX-evdE4cj1JOxKL_bFmbUd7RervrAMj6Ag1LdX4FShA0Qzv2vB6fWGZ8DOwF5RljCPZox8NTkrY1bA&corpus=PUBLIC_REVIEWS
com.quipper.school.assignment,27931,6.0.33,id,a20,12/1/2020 19:32,1.60683E+12,12/1/2020 19:32,1.60683E+12,4,,,,,,
com.quipper.school.assignment,28122,6.0.34,id,1951,12/1/2020 19:35,1.60683E+12,12/1/2020 19:35,1.60683E+12,1,,"Maaf ini ada kendala mengapa quipper saya tidak bisa melihat tugas dari guru, padahal guru saya sudah memberikan tugasnya?",12/10/2020 17:47,1.6076E+12,"Halo, terima kasih untuk masukannya, boleh tolong kirimkan masukan lebih detail ke email kami di info-id@quipper.com atau hubungi WA di 0811 9941 637.",http://play.google.com/console/developers/4918360869960997146/app/4974629343297863794/user-feedback/review-details?reviewId=gp:AOqpTOFi9KlIZO_MrxJPiWCq0YNfgLPTRur-kx_zLXzeNRUT1eQCyY0cOAHcfOUZPNFqcJLDjoKn_GJXEQeDWw&corpus=PUBLIC_REVIEWS
com.quipper.school.assignment,28326,6.0.35,en,RMX1931L1,12/1/2020 19:39,1.60683E+12,12/1/2020 19:39,1.60683E+12,5,,"I love this app, but actually adding filter fiture to the app version just like the web one will be useful, thankyou very much ??",12/10/2020 17:47,1.6076E+12,"Hi, We've forwarded your feedback to our developers. Thank you for taking out the time to send us your suggestions!",http://play.google.com/console/developers/4918360869960997146/app/4974629343297863794/user-feedback/review-details?reviewId=gp:AOqpTOGDwAcrQJ2jehsiy90u1PrZJT7XDcQHyxGyEtLGDqmiJ4LuTtZyQPbunSYGdU2bIkyUKTRdxm9FDC8ivA&corpus=PUBLIC_REVIEWS
com.quipper.school.assignment,26310,6.0.24,en,1902,12/1/2020 19:42,1.60683E+12,12/1/2020 19:42,1.60683E+12,5,,,,,,
com.quipper.school.assignment,28122,6.0.34,id,ASUS_A007,12/1/2020 20:01,1.60683E+12,12/1/2020 20:01,1.60683E+12,5,,,,,,
com.quipper.school.assignment,28122,6.0.34,id,CPH1803,12/1/2020 20:03,1.60683E+12,12/1/2020 20:03,1.60683E+12,5,,,,,,
com.quipper.school.assignment,28122,6.0.34,id,cactus,12/1/2020 20:23,1.60683E+12,12/1/2020 20:23,1.60683E+12,5,,,,,,
com.quipper.school.assignment,27105,6.0.29,id,OP4863,12/1/2020 20:43,1.60683E+12,12/1/2020 20:43,1.60683E+12,5,,,,,,
com.quipper.school.assignment,27783,6.0.32,en,1726,12/1/2020 20:57,1.60683E+12,12/1/2020 20:57,1.60683E+12,4,,need a settings that can leave class,12/10/2020 17:46,1.6076E+12,Thank you for your feedback. We are working on such a feature.,http://play.google.com/console/developers/4918360869960997146/app/4974629343297863794/user-feedback/review-details?reviewId=gp:AOqpTOGvseCD1A2OKO4zsMrdJ0-XZijo8eoIs6tCOACoAOWGI1ZFxzi-noOYg9WkuYGHDb52AxK1nwdUPKYGqA&corpus=PUBLIC_REVIEWS
com.quipper.school.assignment,28326,6.0.35,id,OP486C,12/2/2020 1:52,1.60685E+12,12/2/2020 1:52,1.60685E+12,5,,,,,,
com.quipper.school.assignment,28326,6.0.35,id,OP4BA5L1,12/1/2020 21:53,1.60683E+12,12/2/2020 1:55,1.60685E+12,1,,Biar segi 5 yg menjawabnya.,,,,http://play.google.com/console/developers/4918360869960997146/app/4974629343297863794/user-feedback/review-details?reviewId=gp:AOqpTOEd_y1QITdz9I_mmQpuApyLG-d0gr6fZYfk4iEZBw5qrfZ8mZskWn3Y38Mtic6VxBgGrIlTsnDArY2sgQ&corpus=PUBLIC_REVIEWS
com.quipper.school.assignment,28326,6.0.35,id,A1601,12/2/2020 2:24,1.60685E+12,12/2/2020 2:24,1.60685E+12,4,,,,,,
com.quipper.school.assignment,28326,6.0.35,en,a20,12/2/2020 4:43,1.60686E+12,12/2/2020 4:43,1.60686E+12,4,,,,,,
com.quipper.school.assignment,27931,6.0.33,id,1951,12/2/2020 4:57,1.60686E+12,12/2/2020 4:57,1.60686E+12,5,,,,,,
com.quipper.school.assignment,28326,6.0.35,id,RMX2189,12/2/2020 5:16,1.60686E+12,12/2/2020 5:16,1.60686E+12,3,,,,,,
com.quipper.school.assignment,28122,6.0.34,id,cactus,9/19/2020 15:23,1.6005E+12,12/2/2020 5:55,1.60686E+12,1,,,,,,
com.quipper.school.assignment,28122,6.0.34,id,cactus,12/2/2020 6:36,1.60687E+12,12/2/2020 6:36,1.60687E+12,5,,gk tau knp tiap buka quipper berasa main game alias ketagihan,12/10/2020 17:46,1.6076E+12,"Halo, terima kasih untuk feedback positifnya, kami merasa senang dapat membantu pembelajaran kamu, pastikan aplikasi kamu selalu terupdate ya :)",http://play.google.com/console/developers/4918360869960997146/app/4974629343297863794/user-feedback/review-details?reviewId=gp:AOqpTOERU3ARLABps_NPJ-7RFWsbK9FecNcmJa_9POxLTPA6fdGFdoy4CqCc1CvOouQlyYkZaISdBqcMWsRINw&corpus=PUBLIC_REVIEWS
com.quipper.school.assignment,28122,6.0.34,id,Pearl_K3,12/2/2020 6:51,1.60687E+12,12/2/2020 6:51,1.60687E+12,5,,,,,,
com.quipper.school.assignment,28326,6.0.35,id,1724,12/2/2020 7:05,1.60687E+12,12/2/2020 7:05,1.60687E+12,1,,,,,,
com.quipper.school.assignment,,,id,OP4C7D,12/2/2020 8:36,1.60687E+12,12/2/2020 8:36,1.60687E+12,1,,Pak kenapa Quipper saya gambar nya Itam tolong pak ini buat belajar tolong di perbaiki yang benar pak ????,12/10/2020 17:46,1.6076E+12,"Halo, mohon maaf untuk ketidak nyamanannya, pastikan kamu menggunakan koneksi internet yang stabil untuk penggunaan Quipper Videonya, jika kendala masih berlanjut silakan kirimkan email ke info-id@quipper.com dengan info detail ya.",http://play.google.com/console/developers/4918360869960997146/app/4974629343297863794/user-feedback/review-details?reviewId=gp:AOqpTOG_-g8wmCGfXzkbAobpDhEOmGuywf9PyTxpgD03KTlGHwaOv6gXhrKc3RxDQCn4GSv0PCnwdPo0YgxM1Q&corpus=PUBLIC_REVIEWS
com.quipper.school.assignment,28326,6.0.35,id,OP4C4BL1,12/2/2020 10:01,1.60688E+12,12/2/2020 10:01,1.60688E+12,5,,,,,,
com.quipper.school.assignment,28122,6.0.34,id,1904,12/2/2020 10:14,1.60688E+12,12/2/2020 10:14,1.60688E+12,5,,sangat membantu dan mudah dipahami,12/10/2020 17:46,1.6076E+12,"Halo, terima kasih untuk feedback positifnya, kami merasa senang dapat membantu pembelajaran kamu, pastikan aplikasi kamu selalu terupdate ya :)",http://play.google.com/console/developers/4918360869960997146/app/4974629343297863794/user-feedback/review-details?reviewId=gp:AOqpTOH7-YPRh_yTeWA3cWTRPTXbwgIDcLSIdQgCsMziP8bnX07k02ROpXLLvBRSkLyQS4b0GM3XDrrUX4qGsQ&corpus=PUBLIC_REVIEWS
com.quipper.school.assignment,28326,6.0.35,id,1904,12/2/2020 10:26,1.60688E+12,12/2/2020 10:26,1.60688E+12,5,,Luar biasa bangat gak tau kenapa saya nyaman banget belajar di Quipper karena penyampaian nya kali ya??????pokoknya is the best ??????,12/10/2020 17:46,1.6076E+12,"Halo, terima kasih untuk feedback positifnya, kami merasa senang dapat membantu pembelajaran kamu, pastikan aplikasi kamu selalu terupdate ya :)",http://play.google.com/console/developers/4918360869960997146/app/4974629343297863794/user-feedback/review-details?reviewId=gp:AOqpTOF63ZXh4qRdUXNflvRxAJu_AFvvZYh15SODNa_A2ivOGesqrq0FYXjQqBSC4-pck9D4XnVD9i15hE90vw&corpus=PUBLIC_REVIEWS
com.quipper.school.assignment,28122,6.0.34,id,land,12/2/2020 10:33,1.60688E+12,12/2/2020 10:33,1.60688E+12,5,,,,,,
com.quipper.school.assignment,28326,6.0.35,id,1724,12/2/2020 10:46,1.60688E+12,12/2/2020 10:46,1.60688E+12,5,,,,,,
com.quipper.school.assignment,28122,6.0.34,id,1938,12/2/2020 15:27,1.6069E+12,12/2/2020 15:27,1.6069E+12,5,,,,,,
com.quipper.school.assignment,27540,6.0.31,id,CPH1909,12/2/2020 16:31,1.6069E+12,12/2/2020 16:31,1.6069E+12,3,,"Singkat , menarik dan jelas",12/10/2020 17:46,1.6076E+12,"Halo, terima kasih untuk masukannya, masukan kamu akan menjadi pacuan kami untuk mengembangkan Quipper Video kedepannya. Mohon berkenan untuk update ke bintang 5 ya. :)",http://play.google.com/console/developers/4918360869960997146/app/4974629343297863794/user-feedback/review-details?reviewId=gp:AOqpTOFQ-XvWcmDfgDCDtN8vuC_OTZJsWa2fdJaIeKTLbTn9-fyG3FPBthhZ3lt3qYmHWjuwCTc2CUlVBs4JiQ&corpus=PUBLIC_REVIEWS
com.quipper.school.assignment,28122,6.0.34,id,RMX1941,12/2/2020 18:02,1.60691E+12,12/2/2020 18:02,1.60691E+12,5,,Mantap sekali,12/10/2020 17:45,1.6076E+12,"Halo, terima kasih untuk feedback positifnya, kami merasa senang dapat membantu pembelajaran kamu, pastikan aplikasi kamu selalu terupdate ya :)",http://play.google.com/console/developers/4918360869960997146/app/4974629343297863794/user-feedback/review-details?reviewId=gp:AOqpTOFtgsWKyjN9MxetrsqKl8L3-u5gFreuj31xicUctXBzGvCgVnP1Cd-o_uTeIUGIceXUB3pzC0v7-L2aYA&corpus=PUBLIC_REVIEWS
com.quipper.school.assignment,28122,6.0.34,id,begonia,12/2/2020 18:17,1.60691E+12,12/2/2020 18:17,1.60691E+12,5,,mntoppp,12/10/2020 17:45,1.6076E+12,"Halo, terima kasih untuk feedback positifnya, kami merasa senang dapat membantu pembelajaran kamu, pastikan aplikasi kamu selalu terupdate ya :)",http://play.google.com/console/developers/4918360869960997146/app/4974629343297863794/user-feedback/review-details?reviewId=gp:AOqpTOFteoMxJ3SAMkpYLNxiv41R_YdTRCkenzC1msP8KBw1Gc14NvroQ62Zykmn0UiEmaeCAcGwSEvkk2NdWg&corpus=PUBLIC_REVIEWS
com.quipper.school.assignment,28122,6.0.34,id,OP4B80L1,12/2/2020 18:25,1.60691E+12,12/2/2020 18:25,1.60691E+12,4,,??,12/10/2020 17:45,1.6076E+12,"Halo, terima kasih untuk masukannya, masukan kamu akan menjadi pacuan kami untuk mengembangkan Quipper Video kedepannya. Mohon berkenan untuk update ke bintang 5 ya. :)",http://play.google.com/console/developers/4918360869960997146/app/4974629343297863794/user-feedback/review-details?reviewId=gp:AOqpTOE1WODs6xfepy9q8J_zxG8X7fR--8z6c3ZOUwVfaTrw9vOinj2jmASQzGaQBd0W3luCMU9yTkKCiaWJFg&corpus=PUBLIC_REVIEWS
com.quipper.school.assignment,28326,6.0.35,id,RMX2185,12/2/2020 18:52,1.60691E+12,12/2/2020 18:52,1.60691E+12,5,,,,,,
com.quipper.school.assignment,28122,6.0.34,en,grandpplte,12/2/2020 19:43,1.60691E+12,12/2/2020 19:43,1.60691E+12,5,,,,,,
com.quipper.school.assignment,28122,6.0.34,id,A37f,12/2/2020 19:56,1.60691E+12,12/2/2020 19:56,1.60691E+12,5,,,,,,
com.quipper.school.assignment,28122,6.0.34,id,lavender,12/2/2020 22:38,1.60692E+12,12/2/2020 22:38,1.60692E+12,5,,,,,,
com.quipper.school.assignment,,,id,cactus,12/3/2020 0:31,1.60693E+12,12/3/2020 0:31,1.60693E+12,5,,,,,,
com.quipper.school.assignment,28326,6.0.35,id,lavender,12/3/2020 7:37,1.60696E+12,12/3/2020 7:37,1.60696E+12,1,,,,,,
com.quipper.school.assignment,,,id,CPH1901,12/3/2020 9:28,1.60696E+12,12/3/2020 9:28,1.60696E+12,1,,Quiper lemot,12/11/2020 16:50,1.60768E+12,"Halo, terima kasih untuk masukannya, boleh tolong kirimkan masukan lebih detail ke email kami di info-id@quipper.com atau hubungi WA di 0811 9941 637.",http://play.google.com/console/developers/4918360869960997146/app/4974629343297863794/user-feedback/review-details?reviewId=gp:AOqpTOEboY7Rwe0K0PRrrnsj8OkdKbVGhpdz1LEiLIptjw-ESib-Z-DE19w5BIpxlU6f8S75mDq1K62miu3Jiw&corpus=PUBLIC_REVIEWS
com.quipper.school.assignment,28326,6.0.35,id,RMX1821,12/3/2020 9:30,1.60696E+12,12/3/2020 9:31,1.60696E+12,1,,app gagal buruk jgn ada yg makek quipper ini,12/11/2020 16:50,1.60768E+12,"Halo, terima kasih untuk masukannya, boleh tolong kirimkan masukan lebih detail ke email kami di info-id@quipper.com atau hubungi WA di 0811 9941 637.",http://play.google.com/console/developers/4918360869960997146/app/4974629343297863794/user-feedback/review-details?reviewId=gp:AOqpTOG-rHmaY7tQh560dxWm3zJhhZiH55u3tfcMtQtJjDFGmp0cTy8aLunsgQtMtVHCULOaVTsh1ErZTu1S1Q&corpus=PUBLIC_REVIEWS
com.quipper.school.assignment,28326,6.0.35,id,1817,12/3/2020 9:32,1.60696E+12,12/3/2020 9:32,1.60696E+12,5,,"sangat membantu untuk belajar apa lagi disaat pandemi seperti sekarang, penjelasan yang belum pernah dijelaskan disekolah jadi bisa dipahami di sini",12/10/2020 17:45,1.6076E+12,"Halo, terima kasih untuk feedback positifnya, kami merasa senang dapat membantu pembelajaran kamu, pastikan aplikasi kamu selalu terupdate ya :)",http://play.google.com/console/developers/4918360869960997146/app/4974629343297863794/user-feedback/review-details?reviewId=gp:AOqpTOG6dUrTaV--0EoY4pn3RWmNB8wVGBXKmyH5d1OKmPOC9sBOrIsOQ3SIucFBrORJGZ4KQgfCNuT5tKzAgg&corpus=PUBLIC_REVIEWS
com.quipper.school.assignment,,,id,crownlte,12/3/2020 9:35,1.60696E+12,12/3/2020 9:35,1.60696E+12,1,,Ga bgus,12/11/2020 16:50,1.60768E+12,"Halo, terima kasih untuk masukannya, boleh tolong kirimkan masukan lebih detail ke email kami di info-id@quipper.com atau hubungi WA di 0811 9941 637.",http://play.google.com/console/developers/4918360869960997146/app/4974629343297863794/user-feedback/review-details?reviewId=gp:AOqpTOGeSKmIm5Qy0rxZ6EOjpicIWRkbeqa1sL9kmgd61kmpPGxi-3NFXK8KsiTW0DSLfliGPy3vVOagJObisQ&corpus=PUBLIC_REVIEWS
com.quipper.school.assignment,28326,6.0.35,id,OP4EFDL1,12/3/2020 9:35,1.60696E+12,12/3/2020 9:35,1.60696E+12,1,,,,,,
com.quipper.school.assignment,,,id,CPH1723,12/3/2020 9:36,1.60696E+12,12/3/2020 9:36,1.60696E+12,1,,Jangan sukak bikin GAJE aja gbut kali bikin apk,12/11/2020 16:50,1.60768E+12,"Halo, terima kasih untuk masukannya, boleh tolong kirimkan masukan lebih detail ke email kami di info-id@quipper.com atau hubungi WA di 0811 9941 637.",http://play.google.com/console/developers/4918360869960997146/app/4974629343297863794/user-feedback/review-details?reviewId=gp:AOqpTOGz9SEom2hRkrGwLY8OUJ3VaWdj-jeIi4XVW_kS2OKzqa_YOf0AjpjVnQMsskrm6mgcLH7lr441kDBFYA&corpus=PUBLIC_REVIEWS
com.quipper.school.assignment,28122,6.0.34,id,OP486C,12/3/2020 9:36,1.60696E+12,12/3/2020 9:36,1.60696E+12,1,,anda siswa? Dan anda ujian make quiper?. Selamat anda memasuki ujian hidup yg berat,12/11/2020 16:50,1.60768E+12,"Halo, terima kasih untuk masukannya, boleh tolong kirimkan masukan lebih detail ke email kami di info-id@quipper.com atau hubungi WA di 0811 9941 637.",http://play.google.com/console/developers/4918360869960997146/app/4974629343297863794/user-feedback/review-details?reviewId=gp:AOqpTOFjgLeP6KUytD886N5XAY05UdY4pn2QIpn9phw5AmB0dBK-TZLbR-JvP4jmiqAeiZ0ZBFgw5Bsnya75DQ&corpus=PUBLIC_REVIEWS
com.quipper.school.assignment,27540,6.0.31,id,riva,12/3/2020 9:36,1.60696E+12,12/3/2020 9:36,1.60696E+12,1,,"MASIH SUKUR DIKASIH BINTANG 1?? TERIMAKASIH QUIPPER UJIAN SAYA DAPAT BERLANGSUNG DENGAN SANGAT AMAT TERAMAT SANGAT LANCAR????.CANTIKLU??EWH MISKIN LU BIADAPT,BRISEX LU SMUA GUA BANTAI SINI PAKE NANA",12/11/2020 16:50,1.60768E+12,"Halo, terima kasih untuk masukannya, boleh tolong kirimkan masukan lebih detail ke email kami di info-id@quipper.com atau hubungi WA di 0811 9941 637.",http://play.google.com/console/developers/4918360869960997146/app/4974629343297863794/user-feedback/review-details?reviewId=gp:AOqpTOEh02mqzBF8-DtfNHicOku6WXK1h3fYUlGDwq9VVR1RoFbz0RCozebsO0gUernHaRC64b16mh8vyVU5cw&corpus=PUBLIC_REVIEWS
com.quipper.school.assignment,27540,6.0.31,id,lancelot,12/3/2020 9:33,1.60696E+12,12/3/2020 9:38,1.60696E+12,1,,aplikasi tolol nyusahin,12/11/2020 16:51,1.60768E+12,"Halo, terima kasih untuk masukannya, boleh tolong kirimkan masukan lebih detail ke email kami di info-id@quipper.com atau hubungi WA di 0811 9941 637.",http://play.google.com/console/developers/4918360869960997146/app/4974629343297863794/user-feedback/review-details?reviewId=gp:AOqpTOEN-2S8yeNOyRAPj7CGlm2t81atpjbgAsIFlOxpfDAC8wKr2Vpj-4VuNfN3IHY1w-9Jn4zscsWH4aSx_A&corpus=PUBLIC_REVIEWS
com.quipper.school.assignment,28326,6.0.35,id,a70q,12/3/2020 9:38,1.60696E+12,12/3/2020 9:38,1.60696E+12,1,,Aplikasinya mantap untuk maen pabji,12/11/2020 16:51,1.60768E+12,"Halo, terima kasih untuk masukannya, boleh tolong kirimkan masukan lebih detail ke email kami di info-id@quipper.com atau hubungi WA di 0811 9941 637.",http://play.google.com/console/developers/4918360869960997146/app/4974629343297863794/user-feedback/review-details?reviewId=gp:AOqpTOH5JAr3WEbp4Pd2SFtew66s0uH-CAXkM3f2ufnYeQL51PIbXS8GAUn2naHFWu6pmfCV7ik3tFhZ5JOQ4g&corpus=PUBLIC_REVIEWS
com.quipper.school.assignment,27931,6.0.33,id,CPH1717,12/3/2020 9:39,1.60696E+12,12/3/2020 9:39,1.60696E+12,2,,Bad apk,12/10/2020 17:45,1.6076E+12,"Halo, terima kasih untuk masukannya, boleh tolong kirimkan masukan lebih detail ke email kami di info-id@quipper.com atau hubungi WA di 0811 9941 637.",http://play.google.com/console/developers/4918360869960997146/app/4974629343297863794/user-feedback/review-details?reviewId=gp:AOqpTOFT7AF9X4JaP8T2wrheuYCs-8UBQDN7TNH8DdNRHXbozhe2TSP1W9J1Zz0fOvJEjtpRj4PmOStcjUI12g&corpus=PUBLIC_REVIEWS
com.quipper.school.assignment,27105,6.0.29,id,SO-02J,12/3/2020 9:39,1.60696E+12,12/3/2020 9:39,1.60696E+12,1,,Giv alok bang,12/10/2020 17:44,1.6076E+12,"Halo, terima kasih untuk masukannya, boleh tolong kirimkan masukan lebih detail ke email kami di info-id@quipper.com atau hubungi WA di 0811 9941 637.",http://play.google.com/console/developers/4918360869960997146/app/4974629343297863794/user-feedback/review-details?reviewId=gp:AOqpTOEg8tK6HikrYWSIVfIArI0EuJ4UBOYXWHOuhAc1kS2_Sg8pDltyLr4ZeE36pNRoS2IAOItF9OI8V8hPCw&corpus=PUBLIC_REVIEWS
com.quipper.school.assignment,28326,6.0.35,id,1724,12/3/2020 9:40,1.60696E+12,12/3/2020 9:40,1.60696E+12,1,,"UJIAN DARI QUIPPER BIKIN EMOSI , BATAL UJIAN JADINYA DASAR APLIKASI GAK GUNA XIXIXIXI",12/10/2020 17:44,1.6076E+12,"Halo, terima kasih untuk masukannya, boleh tolong kirimkan masukan lebih detail ke email kami di info-id@quipper.com atau hubungi WA di 0811 9941 637.",http://play.google.com/console/developers/4918360869960997146/app/4974629343297863794/user-feedback/review-details?reviewId=gp:AOqpTOExccfsvjPZSTmmz_PhhlHx2f8H7seNzkZYw_ZzmjA1vRqyyBp_ARtDhp3lkY_FWtJYKUhP-HiX9IQPoA&corpus=PUBLIC_REVIEWS
com.quipper.school.assignment,,,id,grandpplte,12/3/2020 9:41,1.60696E+12,12/3/2020 9:41,1.60696E+12,1,,Pas guru saya nyuruh kami ujian pakai quipper rasanyaa cuiitt saya kira ujian saya akan dipermudahkan eh ternyata malah di persulitkan nah akhirnya teman saya saranin buat uninstal aja aplikasi quipper setelah saya uninstal gadak tuh yang namanya ribet2 bahkan kata teman saya eh pelan pelan dong kita juga mau uninstall,12/10/2020 17:44,1.6076E+12,"Halo, terima kasih untuk masukannya, boleh tolong kirimkan masukan lebih detail ke email kami di info-id@quipper.com atau hubungi WA di 0811 9941 637.",http://play.google.com/console/developers/4918360869960997146/app/4974629343297863794/user-feedback/review-details?reviewId=gp:AOqpTOEhXDXRzN37NTe5LfnTNT5IvsmDOou8t6Z740eiqDuO2v8Btn6gMcX896RjKwHLFwfVakabV0KDQboTaQ&corpus=PUBLIC_REVIEWS
com.quipper.school.assignment,28326,6.0.35,id,1724,12/3/2020 9:43,1.60696E+12,12/3/2020 9:43,1.60696E+12,1,,,,,,
com.quipper.school.assignment,,,id,CPH1701,12/3/2020 9:44,1.60696E+12,12/3/2020 9:44,1.60696E+12,1,,Apk sampah sok nampung ujian smester tpi rusak pas udh mulai ujian wkwkwk kasihan apk lol,12/10/2020 17:44,1.6076E+12,"Halo, terima kasih untuk masukannya, boleh tolong kirimkan masukan lebih detail ke email kami di info-id@quipper.com atau hubungi WA di 0811 9941 637.",http://play.google.com/console/developers/4918360869960997146/app/4974629343297863794/user-feedback/review-details?reviewId=gp:AOqpTOGecdqBi80kNcnX34t9soLuGu5O4e6RFA0_8QYIwlbwV1_HY-Yy3SODUxvs0fekbeSb1rBxDkRJ4u4EBA&corpus=PUBLIC_REVIEWS
com.quipper.school.assignment,,,id,CPH1803,12/3/2020 9:44,1.60696E+12,12/3/2020 9:44,1.60696E+12,1,,,,,,
com.quipper.school.assignment,27540,6.0.31,id,a10s,12/3/2020 9:44,1.60696E+12,12/3/2020 9:44,1.60696E+12,1,,,,,,
com.quipper.school.assignment,28326,6.0.35,id,on7xelte,12/3/2020 9:46,1.60696E+12,12/3/2020 9:46,1.60696E+12,1,,,,,,
com.quipper.school.assignment,28326,6.0.35,id,pine,12/3/2020 9:53,1.60696E+12,12/3/2020 9:53,1.60696E+12,1,,,,,,
com.quipper.school.assignment,,,id,CPH1701,12/3/2020 9:55,1.60696E+12,12/3/2020 9:55,1.60696E+12,1,,,,,,
com.quipper.school.assignment,28122,6.0.34,en,ASUS_X00IDB,12/3/2020 10:47,1.60697E+12,12/3/2020 10:47,1.60697E+12,5,,,,,,
com.quipper.school.assignment,,,en,j7e3g,12/3/2020 10:55,1.60697E+12,12/3/2020 10:55,1.60697E+12,5,,,,,,
com.quipper.school.assignment,28122,6.0.34,id,1904,12/3/2020 12:22,1.60697E+12,12/3/2020 12:22,1.60697E+12,3,,"Quipper sangat bgs menurut saya belajar gampang dan sangat mengerti dgn adanya video"" yg memberikan contoh tentang materi pembeljar Intinya Quipper thebets??????",12/10/2020 17:44,1.6076E+12,"Halo, terima kasih untuk masukannya, masukan kamu akan menjadi pacuan kami untuk mengembangkan Quipper Video kedepannya. Mohon berkenan untuk update ke bintang 5 ya. :)",http://play.google.com/console/developers/4918360869960997146/app/4974629343297863794/user-feedback/review-details?reviewId=gp:AOqpTOHgQX3qQDedC2CQs7twaN3s_Pki5C2lT3wT3v8Ro1wUKOBLHuvTmjyOm3sknD9U_814GyDVUGyQWOjVdA&corpus=PUBLIC_REVIEWS
com.quipper.school.assignment,28326,6.0.35,id,j2y18lte,12/3/2020 12:50,1.60697E+12,12/3/2020 12:50,1.60697E+12,3,,"Ahhh, Interfacenya bikin bingung, materinya gak berurutan, kadang gambar di soal gak bisa kebuka. Koneksi internet lancar tapi terus di sangka offline.",12/10/2020 17:43,1.6076E+12,"Halo, terima kasih untuk masukannya, masukan kamu akan menjadi pacuan kami untuk mengembangkan Quipper Video kedepannya. Mohon berkenan untuk update ke bintang 5 ya. :)",http://play.google.com/console/developers/4918360869960997146/app/4974629343297863794/user-feedback/review-details?reviewId=gp:AOqpTOEzESXdO4jRS3ZoSWdgN5rhTIu1tIhXyGRpUubvziROZhOQhuDIzF42VMybCici22x7DMu_rdQ_xZ5TaA&corpus=PUBLIC_REVIEWS
com.quipper.school.assignment,28122,6.0.34,id,a10,12/3/2020 14:06,1.60698E+12,12/3/2020 14:06,1.60698E+12,5,,,,,,
com.quipper.school.assignment,28122,6.0.34,id,a20s,12/3/2020 15:49,1.60699E+12,12/3/2020 15:49,1.60699E+12,5,,,,,,
com.quipper.school.assignment,28122,6.0.34,id,ugglite,12/3/2020 16:28,1.60699E+12,12/3/2020 16:28,1.60699E+12,5,,,,,,
com.quipper.school.assignment,28326,6.0.35,id,j6primelte,12/3/2020 18:19,1.60699E+12,12/3/2020 18:19,1.60699E+12,3,,,,,,
com.quipper.school.assignment,28326,6.0.35,id,a10s,12/3/2020 18:47,1.607E+12,12/3/2020 18:47,1.607E+12,4,,???,12/10/2020 17:43,1.6076E+12,"Halo, terima kasih untuk feedback positifnya, kami merasa senang dapat membantu pembelajaran kamu, pastikan aplikasi kamu selalu terupdate ya :)",http://play.google.com/console/developers/4918360869960997146/app/4974629343297863794/user-feedback/review-details?reviewId=gp:AOqpTOGPJqr-cPlFvBJO9fCnRArl_SBTh1li8zQznYGW2oHDvbDvcTWTKhBtbt2BqC8gJCtkByFHRW1PE9pfzQ&corpus=PUBLIC_REVIEWS
com.quipper.school.assignment,28122,6.0.34,id,j1acevelte,12/3/2020 19:07,1.607E+12,12/3/2020 19:07,1.607E+12,5,,,,,,
com.quipper.school.assignment,27342,6.0.30,en,RMX2040,12/3/2020 19:32,1.607E+12,12/3/2020 19:32,1.607E+12,5,,,,,,
com.quipper.school.assignment,28122,6.0.34,id,1904,12/3/2020 20:24,1.607E+12,12/3/2020 20:24,1.607E+12,5,,,,,,
com.quipper.school.assignment,28122,6.0.34,id,RMX2185,12/3/2020 20:35,1.607E+12,12/3/2020 20:35,1.607E+12,5,,,,,,
com.quipper.school.assignment,28326,6.0.35,en,1938,12/3/2020 20:55,1.607E+12,12/3/2020 20:55,1.607E+12,5,,,,,,
com.quipper.school.assignment,28326,6.0.35,en,rolex,12/3/2020 21:17,1.60701E+12,12/3/2020 21:17,1.60701E+12,4,,,,,,
com.quipper.school.assignment,28122,6.0.34,id,1904,12/3/2020 21:38,1.60701E+12,12/3/2020 21:38,1.60701E+12,5,,,,,,
com.quipper.school.assignment,27783,6.0.32,id,1807,12/3/2020 22:43,1.60701E+12,12/3/2020 22:43,1.60701E+12,5,,,,,,
com.quipper.school.assignment,28326,6.0.35,id,1814,12/4/2020 3:21,1.60703E+12,12/4/2020 3:21,1.60703E+12,5,,,,,,
com.quipper.school.assignment,28326,6.0.35,id,1951,12/4/2020 5:24,1.60703E+12,12/4/2020 5:24,1.60703E+12,1,,Kenapa di saya nilai nya 100 di guru saya 8,12/10/2020 17:43,1.6076E+12,"Halo, terima kasih untuk masukannya, boleh tolong kirimkan masukan lebih detail ke email kami di info-id@quipper.com atau hubungi WA di 0811 9941 637.",http://play.google.com/console/developers/4918360869960997146/app/4974629343297863794/user-feedback/review-details?reviewId=gp:AOqpTOGtE-vZT6rX03f2T-Cu1TEaQp4iohgKDBCHb1_QgfcQrOpcaK0JV4RH4X5mmVNSyva55Z1vUHsUYtsE9A&corpus=PUBLIC_REVIEWS
com.quipper.school.assignment,28122,6.0.34,id,CPH1803,12/4/2020 6:06,1.60704E+12,12/4/2020 6:06,1.60704E+12,4,,,,,,
com.quipper.school.assignment,28122,6.0.34,id,OP486C,12/4/2020 6:26,1.60704E+12,12/4/2020 6:26,1.60704E+12,5,,bagus mudah dipahami,12/10/2020 17:42,1.6076E+12,"Halo, terima kasih untuk feedback positifnya, kami merasa senang dapat membantu pembelajaran kamu, pastikan aplikasi kamu selalu terupdate ya :)",http://play.google.com/console/developers/4918360869960997146/app/4974629343297863794/user-feedback/review-details?reviewId=gp:AOqpTOFYepfg4beRyZs_zG9m3DMbsAGPFUUDPhWKbTCCVkCGwhzLWv8heBDX-gSHtoC4pfH12ZkR-PsS1O5qUg&corpus=PUBLIC_REVIEWS
com.quipper.school.assignment,28326,6.0.35,id,ginkgo,12/4/2020 8:20,1.60704E+12,12/4/2020 8:20,1.60704E+12,5,,,,,,
com.quipper.school.assignment,28122,6.0.34,en,1812,12/4/2020 8:26,1.60705E+12,12/4/2020 8:26,1.60705E+12,1,,,,,,
com.quipper.school.assignment,,,id,riva,12/4/2020 9:02,1.60705E+12,12/4/2020 9:02,1.60705E+12,5,,,,,,
com.quipper.school.assignment,28326,6.0.35,id,cactus,12/4/2020 12:06,1.60706E+12,12/4/2020 12:06,1.60706E+12,5,,,,,,
com.quipper.school.assignment,28326,6.0.35,id,CPH1803,12/4/2020 13:36,1.60706E+12,12/4/2020 13:36,1.60706E+12,5,,sangat mendukung,12/10/2020 17:42,1.6076E+12,"Halo, terima kasih untuk feedback positifnya, kami merasa senang dapat membantu pembelajaran kamu, pastikan aplikasi kamu selalu terupdate ya :)",http://play.google.com/console/developers/4918360869960997146/app/4974629343297863794/user-feedback/review-details?reviewId=gp:AOqpTOGPmRd-kRubywj9ziKCWFBLIC9bPqbcUK2aSatV7KvOoR6YmugtUXsDlyx-u6yEjc6Gq_V_6_yhxbCuLw&corpus=PUBLIC_REVIEWS
com.quipper.school.assignment,28326,6.0.35,en,cactus,12/4/2020 14:39,1.60707E+12,12/4/2020 14:39,1.60707E+12,1,,"Terkadang saat saya mengumpulkan tugas,di penilaian sering telah mencantumkan nilai yg buruk seperti 30 atau 5 pada nilai percobaan sebelumnya,padahal saya belum mensubmit tugas sebelumnya,dan guru mengambil nilai percobaan pertama saya,ini sangat mengganggu kepada nilai saya",12/10/2020 17:40,1.6076E+12,"Halo, terima kasih untuk masukannya, boleh tolong kirimkan masukan lebih detail ke email kami di info-id@quipper.com atau hubungi WA di 0811 9941 637.",http://play.google.com/console/developers/4918360869960997146/app/4974629343297863794/user-feedback/review-details?reviewId=gp:AOqpTOGiXtTCSVzADDjUWj559lZ94Zxt50qcUCIEmGoJ3lPqgAcE8Utw0r6l62CzpaeEw6eE3Z1UlV3gwU3Vhw&corpus=PUBLIC_REVIEWS
com.quipper.school.assignment,28326,6.0.35,en,1603,12/4/2020 15:51,1.60707E+12,12/4/2020 15:51,1.60707E+12,4,,how can I remove classes? I picked up a wrong code and wanted to remove irrelevant class,12/10/2020 17:40,1.6076E+12,"Hi, we apologize for this. Please send us your concern at info-id@quipper.com along with the screenshot of the error you receive. This will be handled with utmost priority.",http://play.google.com/console/developers/4918360869960997146/app/4974629343297863794/user-feedback/review-details?reviewId=gp:AOqpTOF_H4oeeDrstXG9zOl-2o97-DTJ6byq5oqtRacX0b8rEj79RY-WtNJF_eRzPiKlTKfJQbk4OqK2w4_dIw&corpus=PUBLIC_REVIEWS
com.quipper.school.assignment,28326,6.0.35,id,OP4BFB,12/4/2020 18:32,1.60708E+12,12/4/2020 18:32,1.60708E+12,5,,,,,,
com.quipper.school.assignment,28122,6.0.34,id,CPH1803,12/4/2020 19:23,1.60708E+12,12/4/2020 19:23,1.60708E+12,5,,bagos,12/10/2020 17:40,1.6076E+12,"Halo, terima kasih untuk feedback positifnya, kami merasa senang dapat membantu pembelajaran kamu, pastikan aplikasi kamu selalu terupdate ya :)",http://play.google.com/console/developers/4918360869960997146/app/4974629343297863794/user-feedback/review-details?reviewId=gp:AOqpTOHMiVujN-SLiIR4cDyrANTEyEYtCVPiB5NttTOpBsUmH71AafKOFGLPe7qeAK9GKtL4kZ_-pC2v08LWNQ&corpus=PUBLIC_REVIEWS
com.quipper.school.assignment,,,th,CPH1853,12/4/2020 19:36,1.60709E+12,12/4/2020 19:36,1.60709E+12,5,,,,,,
com.quipper.school.assignment,28326,6.0.35,id,RMX2030,12/4/2020 21:23,1.60709E+12,12/4/2020 21:23,1.60709E+12,5,,,,,,
com.quipper.school.assignment,,,id,1904,12/5/2020 6:35,1.60712E+12,12/5/2020 6:35,1.60712E+12,5,,,,,,
com.quipper.school.assignment,28326,6.0.35,id,RMX1941,12/5/2020 6:53,1.60713E+12,12/5/2020 6:53,1.60713E+12,5,,"penjelasan mudah di dapat, tapi maslah jaringan bisa lebih diperbaiki lagi",12/10/2020 17:40,1.6076E+12,"Halo, terima kasih untuk feedback positifnya, kami merasa senang dapat membantu pembelajaran kamu, pastikan aplikasi kamu selalu terupdate ya :)",http://play.google.com/console/developers/4918360869960997146/app/4974629343297863794/user-feedback/review-details?reviewId=gp:AOqpTOG6zhYDZlJwQiNMFTKTk2v-UozCfGD-W6tu9Ex0BZWTD-1-zxcl1W4vEyH6oChGeTiy90gy_jo1FJVqbA&corpus=PUBLIC_REVIEWS
com.quipper.school.assignment,,,id,OP4863,12/5/2020 10:10,1.60714E+12,12/5/2020 10:10,1.60714E+12,5,,,,,,
com.quipper.school.assignment,28326,6.0.35,id,RMX2086L1,12/5/2020 10:11,1.60714E+12,12/5/2020 10:11,1.60714E+12,5,,,,,,
com.quipper.school.assignment,27931,6.0.33,id,1820,12/5/2020 11:44,1.60714E+12,12/5/2020 11:44,1.60714E+12,4,,Good,12/10/2020 17:40,1.6076E+12,"Halo, terima kasih untuk feedback positifnya, kami merasa senang dapat membantu pembelajaran kamu, pastikan aplikasi kamu selalu terupdate ya :)",http://play.google.com/console/developers/4918360869960997146/app/4974629343297863794/user-feedback/review-details?reviewId=gp:AOqpTOGY4tawuJkbdFWhstDoHpi5ZGk88wN9fyf0G4L6v5Gh-xswlSdi8aZ-_HPCykhYJy1-40uzf9GN1Bfrbw&corpus=PUBLIC_REVIEWS
com.quipper.school.assignment,28326,6.0.35,id,RMX2030,12/5/2020 12:02,1.60714E+12,12/5/2020 12:02,1.60714E+12,5,,"Bagus banget ,, rekomendasi banget??membantu sekali untuk belajar ,",12/10/2020 17:40,1.6076E+12,"Halo, terima kasih untuk feedback positifnya, kami merasa senang dapat membantu pembelajaran kamu, pastikan aplikasi kamu selalu terupdate ya :)",http://play.google.com/console/developers/4918360869960997146/app/4974629343297863794/user-feedback/review-details?reviewId=gp:AOqpTOHUMnk0adkRlZNyaF4smiDYhQycCY8ta3Ch6RaketqE6-RyKnI1WCgZ1OT-Ehym0aKkouaKaYpgID4XBg&corpus=PUBLIC_REVIEWS
com.quipper.school.assignment,,,id,j5y17ltedx,12/5/2020 12:18,1.60715E+12,12/5/2020 12:18,1.60715E+12,4,,,,,,
com.quipper.school.assignment,28326,6.0.35,en,RMX1941,12/5/2020 13:14,1.60715E+12,12/5/2020 13:14,1.60715E+12,5,,,,,,
com.quipper.school.assignment,,,en,1606,12/5/2020 18:34,1.60717E+12,12/5/2020 18:34,1.60717E+12,5,,,,,,
com.quipper.school.assignment,28326,6.0.35,id,ginkgo,12/5/2020 18:54,1.60717E+12,12/5/2020 18:54,1.60717E+12,5,,,,,,
com.quipper.school.assignment,28122,6.0.34,id,CPH1727,12/5/2020 23:13,1.60718E+12,12/5/2020 23:13,1.60718E+12,5,,,,,,
com.quipper.school.assignment,26877,6.0.27,id,1806,12/6/2020 0:08,1.60719E+12,12/6/2020 0:08,1.60719E+12,5,,,,,,
com.quipper.school.assignment,27540,6.0.31,en,HWATU-QG,12/6/2020 2:23,1.6072E+12,12/6/2020 2:23,1.6072E+12,5,,This is very interesting ??????????,12/10/2020 17:39,1.6076E+12,Thanks for taking out time to rate us. It really helps us to keep going and delivering the best :),http://play.google.com/console/developers/4918360869960997146/app/4974629343297863794/user-feedback/review-details?reviewId=gp:AOqpTOFdMOfAwkDBpXRaxkHk8Jpq3v86TTQLsfYJs6xfvjnvCUrE9ynYJuRnd1PbjLosbtDdzxL49uiyH8PSGQ&corpus=PUBLIC_REVIEWS
com.quipper.school.assignment,28326,6.0.35,id,1606,12/6/2020 8:48,1.60722E+12,12/6/2020 8:48,1.60722E+12,5,,,,,,
com.quipper.school.assignment,28122,6.0.34,en,j6lte,12/6/2020 12:50,1.60723E+12,12/6/2020 12:50,1.60723E+12,5,,,,,,
com.quipper.school.assignment,28326,6.0.35,id,grandpplte,12/6/2020 13:04,1.60723E+12,12/6/2020 13:04,1.60723E+12,4,,,,,,
com.quipper.school.assignment,27540,6.0.31,id,1808,12/6/2020 13:15,1.60724E+12,12/6/2020 13:15,1.60724E+12,5,,,,,,
com.quipper.school.assignment,,,id,1817,12/6/2020 14:43,1.60724E+12,12/6/2020 14:43,1.60724E+12,1,,"Banyak bug,aku mau ngerjain tugas,malah udh ada isinya,tp di ganti jwbanya malah balik lg ke jwban semula,nilaiku jd jelek??????????????mana itu buat rapot ??????",12/10/2020 17:39,1.6076E+12,"Halo, terima kasih untuk masukannya, boleh tolong kirimkan masukan lebih detail ke email kami di info-id@quipper.com atau hubungi WA di 0811 9941 637.",http://play.google.com/console/developers/4918360869960997146/app/4974629343297863794/user-feedback/review-details?reviewId=gp:AOqpTOE4XEzTsnLea_OXCWJL2EiE_E8teOCK0FNXVoI5choAt3bNSSDl7OyEJwgUQGV03YkuonsYeSCps90W-g&corpus=PUBLIC_REVIEWS
com.quipper.school.assignment,27105,6.0.29,en,HWSTK-HF,12/6/2020 14:50,1.60724E+12,12/6/2020 14:50,1.60724E+12,2,,It quits when opens other app,12/10/2020 17:33,1.6076E+12,"Hi, sorry to hear you’ve been experiencing some crash issues. Please contact us at info-id@quipper.com and share as much information as you can. We will definitely investigate your case. Thank you for posting!",http://play.google.com/console/developers/4918360869960997146/app/4974629343297863794/user-feedback/review-details?reviewId=gp:AOqpTOE9c2PQPb0gBxwsENgUBkgSw-MPNw4Xmh-YCwfyd8MqNEYGU-mVMnqxwU3e1dTRO1hv55FkL6qmkqBjDA&corpus=PUBLIC_REVIEWS
com.quipper.school.assignment,28326,6.0.35,id,a31,6/24/2020 1:11,1.59294E+12,12/6/2020 17:07,1.60725E+12,5,,Quipper baguss,12/10/2020 17:33,1.6076E+12,"Halo, terima kasih untuk feedback positifnya, kami merasa senang dapat membantu pembelajaran kamu, pastikan aplikasi kamu selalu terupdate ya :)",http://play.google.com/console/developers/4918360869960997146/app/4974629343297863794/user-feedback/review-details?reviewId=gp:AOqpTOHLVC-egog6YU1BKxTATLmgE_9-bhcetxWc_C-XEOvsFkNokFDucTXIPWfuR80xpK2ZIT7ZToTjEVPmfw&corpus=PUBLIC_REVIEWS
com.quipper.school.assignment,28326,6.0.35,en,j2y18lte,12/6/2020 19:24,1.60726E+12,12/6/2020 19:25,1.60726E+12,3,,"Quipper please fix this. I just answered my quizzes in math but I can't see the question. My connection is strong not poor but when i reload it the question is still loading and i can't see the equation that I will answer in that given question. Also I just finished answer my math and i submitted it then when i go back to ""To Dos"" it's still on the active not in completed please fix this bug! I updated my app and my grades are in your app so please fix this.",12/10/2020 17:33,1.6076E+12,"Hello, Your problem needs more detailed examination. Please report it to our technical support team at info-id@quipper.com. We are always looking to help our users.",http://play.google.com/console/developers/4918360869960997146/app/4974629343297863794/user-feedback/review-details?reviewId=gp:AOqpTOHAZRTOhH0XVY9qejqp7B69nUYwOCko22j2PwoBLOL8YQ7ZGoYOVUYdvQ-3ufscKKIqWsBAERS_0ESrgQ&corpus=PUBLIC_REVIEWS
com.quipper.school.assignment,28326,6.0.35,id,1820,12/6/2020 20:03,1.60726E+12,12/6/2020 20:03,1.60726E+12,3,,ini cukup baikkk,12/10/2020 17:31,1.6076E+12,"Halo, terima kasih untuk masukannya, masukan kamu akan menjadi pacuan kami untuk mengembangkan Quipper Video kedepannya. Mohon berkenan untuk update ke bintang 5 ya. :)",http://play.google.com/console/developers/4918360869960997146/app/4974629343297863794/user-feedback/review-details?reviewId=gp:AOqpTOFJbHvCrkLlkyqPrZSwYV1SJNyQU3R5ms7ZdHMjod86mqPi235bpQaFbEmBimhhOw-nubVcpQQkDTDZmw&corpus=PUBLIC_REVIEWS
com.quipper.school.assignment,28326,6.0.35,id,a70q,12/6/2020 20:10,1.60726E+12,12/6/2020 20:10,1.60726E+12,5,,,,,,
com.quipper.school.assignment,28326,6.0.35,id,RMX1941,12/6/2020 21:06,1.60726E+12,12/6/2020 21:06,1.60726E+12,5,,"saya merasa terbantu karena ada quipper, materinya mudah dipahami",12/10/2020 17:31,1.6076E+12,"Halo, terima kasih untuk feedback positifnya, kami merasa senang dapat membantu pembelajaran kamu, pastikan aplikasi kamu selalu terupdate ya :)",http://play.google.com/console/developers/4918360869960997146/app/4974629343297863794/user-feedback/review-details?reviewId=gp:AOqpTOEFaXksqXkGyB83JZSJllWzC5nIg1fNvpIq45DBwIfdjbJ5F1WG67fcdJSfzW3YhaToiE3LqYKZAy4CPw&corpus=PUBLIC_REVIEWS
com.quipper.school.assignment,28326,6.0.35,id,m10lte,12/7/2020 6:47,1.6073E+12,12/7/2020 6:47,1.6073E+12,5,,,,,,
com.quipper.school.assignment,27540,6.0.31,id,CPH1803,12/7/2020 8:04,1.6073E+12,12/7/2020 8:04,1.6073E+12,5,,,,,,
com.quipper.school.assignment,28326,6.0.35,id,CPH1801,12/7/2020 9:12,1.60731E+12,12/7/2020 9:12,1.60731E+12,1,,,,,,
com.quipper.school.assignment,28326,6.0.35,id,RMX1851,12/7/2020 9:16,1.60731E+12,12/7/2020 9:16,1.60731E+12,5,,sangat membantu,12/10/2020 17:31,1.6076E+12,"Halo, terima kasih untuk feedback positifnya, kami merasa senang dapat membantu pembelajaran kamu, pastikan aplikasi kamu selalu terupdate ya :)",http://play.google.com/console/developers/4918360869960997146/app/4974629343297863794/user-feedback/review-details?reviewId=gp:AOqpTOGhxq9d-1sEPfTkp8F0fnX51XgoNUJTGGg6x2MPHY_NazqsXEFNgCuSCGuKM0vDqHz5-QRuaTeNZfH8XQ&corpus=PUBLIC_REVIEWS
com.quipper.school.assignment,27540,6.0.31,id,lancelot,12/7/2020 9:16,1.60731E+12,12/7/2020 9:16,1.60731E+12,5,,,,,,
com.quipper.school.assignment,,,en,whyred,12/7/2020 9:42,1.60731E+12,12/7/2020 9:42,1.60731E+12,5,,,,,,
com.quipper.school.assignment,,,id,grandpplte,12/7/2020 10:48,1.60731E+12,12/7/2020 10:48,1.60731E+12,5,,Perangkat komputer dalam bentuk perintah atau instruksi yang mengendalikan komputer disebut.... hard drive perangkat lunak brainware perangkat keras,,,,http://play.google.com/console/developers/4918360869960997146/app/4974629343297863794/user-feedback/review-details?reviewId=gp:AOqpTOH_NsTIBSBDdrsjQ_k9rhrS9t4Q6YhRClBMaQ_gjWYRETqJi5mMrrQWcNvTwQmlNvawdsQivQD5Jz9roA&corpus=PUBLIC_REVIEWS
com.quipper.school.assignment,28326,6.0.35,id,1904,12/7/2020 11:17,1.60731E+12,12/7/2020 11:17,1.60731E+12,5,,,,,,
com.quipper.school.assignment,28326,6.0.35,id,1606,12/7/2020 15:15,1.60733E+12,12/7/2020 15:15,1.60733E+12,5,,,,,,
com.quipper.school.assignment,28326,6.0.35,id,j4primelte,12/7/2020 15:32,1.60733E+12,12/7/2020 15:32,1.60733E+12,5,,,,,,
com.quipper.school.assignment,,,en,RMX2030,12/7/2020 15:53,1.60733E+12,12/7/2020 15:53,1.60733E+12,5,,,,,,
com.quipper.school.assignment,28326,6.0.35,id,1820,12/7/2020 16:44,1.60733E+12,12/7/2020 16:44,1.60733E+12,5,,Bagus,12/10/2020 17:31,1.6076E+12,"Halo, terima kasih untuk feedback positifnya, kami merasa senang dapat membantu pembelajaran kamu, pastikan aplikasi kamu selalu terupdate ya :)",http://play.google.com/console/developers/4918360869960997146/app/4974629343297863794/user-feedback/review-details?reviewId=gp:AOqpTOHWPJsDZ9llCWAL5f2InXOmAV_mNXMtN5FZc1DhAZ7fYKr71qnGTV18o5fIxY1cWaW1Ac860Tc8Q788lQ&corpus=PUBLIC_REVIEWS
com.quipper.school.assignment,28326,6.0.35,en,1906,12/7/2020 19:13,1.60734E+12,12/7/2020 19:13,1.60734E+12,1,,Bubo quipper,12/10/2020 17:31,1.6076E+12,"Hi, what problem did you face in the app? Please write to us at info-id@quipper.com. We will try to help you immediately.",http://play.google.com/console/developers/4918360869960997146/app/4974629343297863794/user-feedback/review-details?reviewId=gp:AOqpTOEUldvhqoToqVdR2mUld2SpexObdN-4t6okUc8gg96WDwCA-TXLp3BzY5EUH8KdLpCqhQlQTIWwYxVJow&corpus=PUBLIC_REVIEWS
com.quipper.school.assignment,27342,6.0.30,id,OP4C7D,12/7/2020 19:19,1.60734E+12,12/7/2020 19:19,1.60734E+12,5,,,,,,
com.quipper.school.assignment,28326,6.0.35,en,1819,12/7/2020 20:58,1.60735E+12,12/7/2020 20:58,1.60735E+12,1,,perhaps,12/10/2020 17:30,1.6076E+12,"Hi, what problem did you face in the app? Please write to us at info-id@quipper.com. We will try to help you immediately.",http://play.google.com/console/developers/4918360869960997146/app/4974629343297863794/user-feedback/review-details?reviewId=gp:AOqpTOE-k7ByDFz5K0bsRImdf2kyGwGCAYSzL94139hfITKbaY5LlbqC_N8aQLzEs_K9tPZ0bOAHdLEHZZLrRQ&corpus=PUBLIC_REVIEWS
com.quipper.school.assignment,27540,6.0.31,id,riva,12/7/2020 22:53,1.60736E+12,12/7/2020 22:53,1.60736E+12,5,,,,,,
com.quipper.school.assignment,,,id,joyeuse,12/7/2020 23:53,1.60736E+12,12/7/2020 23:53,1.60736E+12,5,,"Jujur saja untuk harga menurut saya lebih mahal sedikit 20% tapi untuk hasil yang diberikan sangat worth. Dibanding dengan aplikasi sebelah cuman kebanyakan ngasih rangkuman materi jadi tetep saja malas membaca. Tapi dengan quipper materi sulit sekalipun dapat dipecahkan hanya dalam 15 menit. Saran saya semakin di banyakan saja untuk materinya :"")",12/10/2020 17:30,1.6076E+12,"Halo, terima kasih untuk feedback positifnya, kami merasa senang dapat membantu pembelajaran kamu, pastikan aplikasi kamu selalu terupdate ya :)",http://play.google.com/console/developers/4918360869960997146/app/4974629343297863794/user-feedback/review-details?reviewId=gp:AOqpTOFXGrgWsMRuY1FbhCswV-Sd4nVuIyqig4tExJMeJzJhpdiTEo9VvaI8OvWMyO6mdsqDbZAigkvu_7zF_g&corpus=PUBLIC_REVIEWS
com.quipper.school.assignment,28122,6.0.34,id,rosy,12/8/2020 6:01,1.60738E+12,12/8/2020 6:01,1.60738E+12,3,,,,,,
com.quipper.school.assignment,27105,6.0.29,id,rosy,12/8/2020 7:10,1.60739E+12,12/8/2020 7:10,1.60739E+12,4,,,,,,
com.quipper.school.assignment,28122,6.0.34,id,OP4B79L1,12/8/2020 8:00,1.60739E+12,12/8/2020 8:00,1.60739E+12,5,,Alhamdulillah saya mengerjakan nya dg emosi dan kasih sayang :) pasti ngana banka dada ko ba jamping jamping,,,,http://play.google.com/console/developers/4918360869960997146/app/4974629343297863794/user-feedback/review-details?reviewId=gp:AOqpTOFKCIoU75Ng9v8Epyw2ka7wnKkNtPZ6XxFpNUdhDab4jYrvAQTLp58vEflDq7v6yTnstBGZg3YI2y9R0A&corpus=PUBLIC_REVIEWS
com.quipper.school.assignment,28122,6.0.34,id,OP4883,12/8/2020 8:21,1.60739E+12,12/8/2020 8:21,1.60739E+12,5,,,,,,
com.quipper.school.assignment,28326,6.0.35,id,CPH1901,12/8/2020 8:47,1.60739E+12,12/8/2020 8:47,1.60739E+12,5,,,,,,
com.quipper.school.assignment,,,id,1820,12/8/2020 17:41,1.60742E+12,12/8/2020 17:41,1.60742E+12,4,,,,,,
com.quipper.school.assignment,28122,6.0.34,id,CPH1803,12/8/2020 19:50,1.60743E+12,12/8/2020 19:50,1.60743E+12,5,,,,,,
com.quipper.school.assignment,28326,6.0.35,id,a20,12/8/2020 21:14,1.60744E+12,12/8/2020 21:14,1.60744E+12,5,,,,,,
com.quipper.school.assignment,28122,6.0.34,id,RMX1821,12/9/2020 5:16,1.60747E+12,12/9/2020 5:16,1.60747E+12,5,,,,,,
com.quipper.school.assignment,,,en,j7elte,12/9/2020 9:28,1.60748E+12,12/9/2020 9:28,1.60748E+12,1,,Kakean tugas,,,,http://play.google.com/console/developers/4918360869960997146/app/4974629343297863794/user-feedback/review-details?reviewId=gp:AOqpTOFYzBwXO3v_gt_pEeh7dAPzM3Z3b4DSLtAeiH202zamn9UdqTiv_UnLJZ0AX46RjCeWEAGAj8ghWCU-IA&corpus=PUBLIC_REVIEWS
com.quipper.school.assignment,28326,6.0.35,en,j3xnlte,12/9/2020 10:47,1.60749E+12,12/9/2020 10:47,1.60749E+12,5,,,,,,
com.quipper.school.assignment,,,id,1904,12/9/2020 11:41,1.60749E+12,12/9/2020 11:41,1.60749E+12,2,,,,,,
com.quipper.school.assignment,,,en,IRIS_I3,12/9/2020 13:11,1.60749E+12,12/9/2020 13:11,1.60749E+12,5,,,,,,
com.quipper.school.assignment,28122,6.0.34,id,ASUS_X01A_1,12/9/2020 17:52,1.60751E+12,12/9/2020 17:52,1.60751E+12,5,,,,,,
com.quipper.school.assignment,28326,6.0.35,en,santoni,12/9/2020 20:38,1.60752E+12,12/9/2020 20:38,1.60752E+12,5,,,,,,
com.quipper.school.assignment,28326,6.0.35,id,CPH1723,12/9/2020 20:44,1.60752E+12,12/9/2020 20:44,1.60752E+12,5,,,,,,
com.quipper.school.assignment,,,id,OP486C,12/9/2020 21:04,1.60752E+12,12/9/2020 21:04,1.60752E+12,5,,,,,,
com.quipper.school.assignment,,,en,a51,7/15/2020 18:35,1.59481E+12,12/9/2020 23:01,1.60753E+12,1,,so weird and glitchy.,12/16/2020 18:28,1.60812E+12,"Halo, terima kasih untuk masukannya, boleh tolong kirimkan masukan lebih detail ke email kami di info-id@quipper.com atau hubungi WA di 0811 9941 637.",http://play.google.com/console/developers/4918360869960997146/app/4974629343297863794/user-feedback/review-details?reviewId=gp:AOqpTOHIVW4-qDL4BMZMY82Wdd8B3oGjXfdWaTxS4zw0N-8doHK5V64fzR05b2QWm_iYRj5cIwd4pf3BxwAXpQ&corpus=PUBLIC_REVIEWS
com.quipper.school.assignment,28326,6.0.35,en,1901,12/10/2020 8:09,1.60756E+12,12/10/2020 8:09,1.60756E+12,5,,,,,,
com.quipper.school.assignment,28326,6.0.35,id,grandpplte,12/10/2020 9:10,1.60757E+12,12/10/2020 9:10,1.60757E+12,2,,Hallo quipper soal sama materu saya gabisa dibuka dan cuma blank putih ga keluar apa apa padahal gaada pembaruan ini kenapa?,12/16/2020 18:28,1.60812E+12,"Halo, mohon maaf untuk ketidak nyamanannya, pastikan kamu menggunakan koneksi internet yang stabil untuk penggunaan Quipper Videonya, jika kendala masih berlanjut silakan kirimkan email ke info-id@quipper.com dengan info detail ya.",http://play.google.com/console/developers/4918360869960997146/app/4974629343297863794/user-feedback/review-details?reviewId=gp:AOqpTOH6S4YNG0UPKDvgue9pQbFoOnT8drVFSRvFWbss0qWREd49eg0_9_n3rWw7Br2DP6OVlf_tTgf55-sOjg&corpus=PUBLIC_REVIEWS
com.quipper.school.assignment,28326,6.0.35,id,m11q,12/10/2020 13:27,1.60758E+12,12/10/2020 13:27,1.60758E+12,1,,,,,,
com.quipper.school.assignment,28326,6.0.35,id,RMX2180,12/10/2020 16:41,1.60759E+12,12/10/2020 16:41,1.60759E+12,5,,,,,,
com.quipper.school.assignment,27931,6.0.33,id,L52,12/10/2020 17:00,1.60759E+12,12/10/2020 17:00,1.60759E+12,5,,,,,,
com.quipper.school.assignment,28326,6.0.35,en,CPH1859,12/10/2020 17:08,1.60759E+12,12/10/2020 17:08,1.60759E+12,5,,,,,,
com.quipper.school.assignment,28326,6.0.35,en,M5_Plus,12/10/2020 17:47,1.6076E+12,12/10/2020 17:47,1.6076E+12,5,,,,,,
com.quipper.school.assignment,27783,6.0.32,id,1901,12/10/2020 19:06,1.6076E+12,12/10/2020 19:06,1.6076E+12,5,,,,,,
com.quipper.school.assignment,28122,6.0.34,id,RMX1971,12/11/2020 8:15,1.60765E+12,12/11/2020 8:15,1.60765E+12,4,,,,,,
com.quipper.school.assignment,28326,6.0.35,id,1902,12/11/2020 9:06,1.60765E+12,12/11/2020 9:06,1.60765E+12,2,,wtff... kurang lengkap dh penjelasannya??,12/16/2020 18:26,1.60812E+12,"Halo, terima kasih untuk masukannya, boleh tolong kirimkan masukan lebih detail ke email kami di info-id@quipper.com atau hubungi WA di 0811 9941 637.",http://play.google.com/console/developers/4918360869960997146/app/4974629343297863794/user-feedback/review-details?reviewId=gp:AOqpTOFLDhkqsOoQVQpgc9cKyA3Yy5PjbdVhemYo1lxXfp2C-9J_1EsLM1UE9sVOPJE3JHJPlCG8HcGMrEpNcA&corpus=PUBLIC_REVIEWS
com.quipper.school.assignment,28326,6.0.35,id,a51,12/11/2020 9:37,1.60765E+12,12/11/2020 9:37,1.60765E+12,5,,,,,,
com.quipper.school.assignment,27931,6.0.33,id,RMX2030,12/11/2020 11:35,1.60766E+12,12/11/2020 11:35,1.60766E+12,1,,,,,,
com.quipper.school.assignment,28326,6.0.35,id,1938,12/11/2020 12:10,1.60766E+12,12/11/2020 12:10,1.60766E+12,5,,,,,,
com.quipper.school.assignment,28326,6.0.35,id,a10s,12/11/2020 13:05,1.60767E+12,12/11/2020 13:05,1.60767E+12,2,,,,,,
com.quipper.school.assignment,,,id,dandelion,12/11/2020 14:33,1.60767E+12,12/11/2020 14:33,1.60767E+12,3,,Coba dulu,,,,http://play.google.com/console/developers/4918360869960997146/app/4974629343297863794/user-feedback/review-details?reviewId=gp:AOqpTOGx1gk8a_MdkF-WASM1g8OJC-xBmacagW0BKbLTQKH7gRNDpjKxAAd9S-zyGBWla1uRY_nLcTW7dX4K9A&corpus=PUBLIC_REVIEWS
com.quipper.school.assignment,27105,6.0.29,id,taido_row,12/11/2020 18:46,1.60769E+12,12/11/2020 18:46,1.60769E+12,1,,,,,,
com.quipper.school.assignment,28326,6.0.35,id,OP4B80L1,12/11/2020 19:04,1.60769E+12,12/11/2020 19:04,1.60769E+12,4,,,,,,
com.quipper.school.assignment,28326,6.0.35,en,OP486B,12/11/2020 19:23,1.60769E+12,12/11/2020 19:23,1.60769E+12,5,,,,,,
com.quipper.school.assignment,,,en,CPH1909,12/11/2020 20:25,1.60769E+12,12/11/2020 20:25,1.60769E+12,5,,"Please add this feature, showing the leaderboard who made it through per quarter per grade level. For inspiration and motivational purposes only. Thank you!",12/16/2020 18:26,1.60812E+12,"Hi, thank you so much your for your feedback, we will take a look at this issue for the future releases. :)",http://play.google.com/console/developers/4918360869960997146/app/4974629343297863794/user-feedback/review-details?reviewId=gp:AOqpTOEIoEvxd4TvOLR0flrzGWtQ86T_hsl9XKIYvEDvyS7O5rE8CoQmE_mNaTmvX9afRqsPzggpV4TxPdmrTA&corpus=PUBLIC_REVIEWS
com.quipper.school.assignment,,,id,RMX2185,12/11/2020 21:50,1.6077E+12,12/11/2020 21:50,1.6077E+12,5,,,,,,
com.quipper.school.assignment,28465,6.0.36,id,CPH1723,12/11/2020 22:32,1.6077E+12,12/11/2020 22:32,1.6077E+12,2,,"Admin Quipper, aplikasi ku kenapa terus-terusan ada tulisan koneksi terputus (tulisan merah) gitu waktu muter video. Sering terganggu :( padahal aku lagi serius belajar sering terhenti karena masalah itu. Jaringan internetku bagus kok, buka aplikasi lain lancar, tapi kenapa hanya Quipper doang yang macet-macet gajelas ?? Please Quipper, why you break my good mood while studying seriously??",12/16/2020 18:25,1.60812E+12,"Halo, mohon maaf untuk ketidak nyamanannya, pastikan kamu menggunakan koneksi internet yang stabil untuk penggunaan Quipper Videonya, jika kendala masih berlanjut silakan kirimkan email ke info-id@quipper.com dengan info detail ya.",http://play.google.com/console/developers/4918360869960997146/app/4974629343297863794/user-feedback/review-details?reviewId=gp:AOqpTOEtzcaOQujhlPWSJ_1RNZB3kJfxoOGX5IkRwhCWAfNH6yhE4Hs3rMufPDZRQYyNTc9lbPH4y6v-MHyYZA&corpus=PUBLIC_REVIEWS
com.quipper.school.assignment,28122,6.0.34,id,1817,12/11/2020 22:41,1.6077E+12,12/11/2020 22:41,1.6077E+12,5,,,,,,
com.quipper.school.assignment,28326,6.0.35,id,cactus,12/11/2020 22:51,1.6077E+12,12/11/2020 22:51,1.6077E+12,5,,,,,,
com.quipper.school.assignment,28326,6.0.35,id,1724,12/12/2020 8:59,1.60774E+12,12/12/2020 8:59,1.60774E+12,5,,,,,,
com.quipper.school.assignment,,,en,gto,12/12/2020 9:01,1.60774E+12,12/12/2020 9:01,1.60774E+12,1,,,,,,
com.quipper.school.assignment,28326,6.0.35,id,a20s,12/12/2020 10:35,1.60774E+12,12/12/2020 10:36,1.60774E+12,1,,Nyesel banget langganan di quipper,12/16/2020 18:25,1.60812E+12,"Halo, terima kasih untuk masukannya, boleh tolong kirimkan masukan lebih detail ke email kami di info-id@quipper.com atau hubungi WA di 0811 9941 637.",http://play.google.com/console/developers/4918360869960997146/app/4974629343297863794/user-feedback/review-details?reviewId=gp:AOqpTOEVRotB3JFFZusaZc7OTlUtiE-fHkMyGQ1mPKMFlTn20DfCXNTc2d-XySGcWPfmyIBjcozGx5Qd6PX80g&corpus=PUBLIC_REVIEWS
com.quipper.school.assignment,28326,6.0.35,id,a20,12/12/2020 11:33,1.60775E+12,12/12/2020 11:33,1.60775E+12,4,,,,,,
com.quipper.school.assignment,28326,6.0.35,id,HWLLD-H,12/12/2020 11:45,1.60775E+12,12/12/2020 11:45,1.60775E+12,5,,,,,,
com.quipper.school.assignment,,,id,A37f,12/12/2020 12:02,1.60775E+12,12/12/2020 12:02,1.60775E+12,5,,"Mantull, pastinya membantu dlam belajar daring dong soalnya penjelasanya detail banget",12/16/2020 18:25,1.60812E+12,"Halo, terima kasih untuk feedback positifnya, kami merasa senang dapat membantu pembelajaran kamu, pastikan aplikasi kamu selalu terupdate ya :)",http://play.google.com/console/developers/4918360869960997146/app/4974629343297863794/user-feedback/review-details?reviewId=gp:AOqpTOHbvvx_H2v2DpQYDCmuV9uiwd23_crq35SuL5FYesY2yXXs-5wdjaaNK5m0KO3_sFpHbO0w__pidzuohw&corpus=PUBLIC_REVIEWS
com.quipper.school.assignment,27105,6.0.29,en,OP4BFB,12/12/2020 12:36,1.60775E+12,12/12/2020 12:36,1.60775E+12,1,,Bad,12/16/2020 18:25,1.60812E+12,"Halo, terima kasih untuk masukannya, boleh tolong kirimkan masukan lebih detail ke email kami di info-id@quipper.com atau hubungi WA di 0811 9941 637.",http://play.google.com/console/developers/4918360869960997146/app/4974629343297863794/user-feedback/review-details?reviewId=gp:AOqpTOFG5jXoShH6v6yT8OoYIBQYPE5LHI37wIxFFzyPjbPNPcl9StJO6LKqfeL8GyELZPE2J-HiJ71qsXU3ZA&corpus=PUBLIC_REVIEWS
com.quipper.school.assignment,28326,6.0.35,id,a10s,12/12/2020 13:49,1.60776E+12,12/12/2020 13:49,1.60776E+12,5,,Ok,12/16/2020 18:25,1.60812E+12,"Halo, terima kasih untuk feedback positifnya, kami merasa senang dapat membantu pembelajaran kamu, pastikan aplikasi kamu selalu terupdate ya :)",http://play.google.com/console/developers/4918360869960997146/app/4974629343297863794/user-feedback/review-details?reviewId=gp:AOqpTOGnavJmL4JOHq2tH1cCAWkZZz31N3yb-QQz5Bn8nUDuplMG355GBpHu7dKsGaNIt-0VlVVllP0jTbv4NQ&corpus=PUBLIC_REVIEWS
com.quipper.school.assignment,28326,6.0.35,id,CPH1723,12/12/2020 18:46,1.60777E+12,12/12/2020 18:46,1.60777E+12,5,,,,,,
com.quipper.school.assignment,28465,6.0.36,id,1904,12/12/2020 19:02,1.60777E+12,12/12/2020 19:02,1.60777E+12,5,,,,,,
com.quipper.school.assignment,28465,6.0.36,id,1820,12/12/2020 19:19,1.60778E+12,12/12/2020 19:41,1.60778E+12,1,,Apa apa an gara gara Ini aplikasi Nilai ku 0 anjing ??,12/16/2020 18:24,1.60812E+12,"Halo, terima kasih untuk masukannya, boleh tolong kirimkan masukan lebih detail ke email kami di info-id@quipper.com atau hubungi WA di 0811 9941 637.",http://play.google.com/console/developers/4918360869960997146/app/4974629343297863794/user-feedback/review-details?reviewId=gp:AOqpTOEF_EiwnBpLH7kPuZD5s9txpQnRTutb8k3YPdg0URyd76GVVOK_j6tFnSpMVH5vwArv10aKOnzTlJ71Xg&corpus=PUBLIC_REVIEWS
com.quipper.school.assignment,,,en,riva,12/12/2020 21:31,1.60778E+12,12/12/2020 21:31,1.60778E+12,4,,,,,,
com.quipper.school.assignment,27105,6.0.29,id,RMX1971,12/12/2020 23:25,1.60779E+12,12/12/2020 23:25,1.60779E+12,1,,,,,,
com.quipper.school.assignment,,,en,A37f,12/13/2020 2:45,1.6078E+12,12/13/2020 2:45,1.6078E+12,5,,,,,,
com.quipper.school.assignment,28465,6.0.36,en,RMX2040,12/13/2020 8:16,1.60782E+12,12/13/2020 8:16,1.60782E+12,5,,,,,,
com.quipper.school.assignment,28326,6.0.35,id,m10lte,12/13/2020 8:48,1.60782E+12,12/13/2020 8:48,1.60782E+12,5,,"baguss, cocok bngt buat bljr dan materinya super lengkap ??",12/16/2020 18:24,1.60812E+12,"Halo, terima kasih untuk feedback positifnya, kami merasa senang dapat membantu pembelajaran kamu, pastikan aplikasi kamu selalu terupdate ya :)",http://play.google.com/console/developers/4918360869960997146/app/4974629343297863794/user-feedback/review-details?reviewId=gp:AOqpTOHqOnhQdDMUqMiHW2GZ0NrNTil60r_hs192LcTt-lGuUTwber2rmMC3gj21IhJacRXoUtzRohXvNmVRHg&corpus=PUBLIC_REVIEWS
com.quipper.school.assignment,27540,6.0.31,id,grandpplte,12/13/2020 10:34,1.60783E+12,12/13/2020 10:34,1.60783E+12,5,,,,,,
com.quipper.school.assignment,28465,6.0.36,en,OP4BFB,12/13/2020 10:48,1.60783E+12,12/13/2020 10:48,1.60783E+12,1,,"bang ini quiper2 cuttt ,saya iri bgt pak karna temen2 sya bisa mbajak apk belajar tpi di quiper knp ga bisa pak ,kasih tutor mbajak quiper pak sya pusing bener2 pusing pak sampe2 nihh yaa sya beralih main tiktok+ig+tele gra2 buka quiper g paham",,,,http://play.google.com/console/developers/4918360869960997146/app/4974629343297863794/user-feedback/review-details?reviewId=gp:AOqpTOEOhIw4PpwGASEFEuGTKZlQtEeG8QkEZcj3HJOwaUxvkI1tgy0wz1oz6I2gTwhvV56TsM2IQZlqcC_kMA&corpus=PUBLIC_REVIEWS
com.quipper.school.assignment,28326,6.0.35,id,RMX1941,12/13/2020 11:54,1.60784E+12,12/13/2020 11:54,1.60784E+12,4,,,,,,
com.quipper.school.assignment,,,id,grandpplte,12/13/2020 12:07,1.60784E+12,12/13/2020 12:07,1.60784E+12,5,,,,,,
com.quipper.school.assignment,28465,6.0.36,id,OP4883,12/13/2020 12:21,1.60784E+12,12/13/2020 12:21,1.60784E+12,5,,,,,,
com.quipper.school.assignment,28122,6.0.34,id,A37f,12/13/2020 14:28,1.60784E+12,12/13/2020 14:28,1.60784E+12,5,,,,,,
com.quipper.school.assignment,,,id,1724,12/13/2020 14:53,1.60785E+12,12/13/2020 14:53,1.60785E+12,1,,Admin nya tau nama bapak ku gk,,,,http://play.google.com/console/developers/4918360869960997146/app/4974629343297863794/user-feedback/review-details?reviewId=gp:AOqpTOE1w09CpwSz-wyYYOVhnkjALOEn8Qyvnln98u_4g_7xkEpJxz-BlGMf3kjdByQ-ZDE5da90FG4227Hp6w&corpus=PUBLIC_REVIEWS
com.quipper.school.assignment,,,id,1901,12/13/2020 15:22,1.60785E+12,12/13/2020 15:22,1.60785E+12,1,,"Nthlh, tapi saya merasa penjelasannya agak bertela2 (opini org beda2) videonya terlalu panjang jd bikin cepat jenuh. Latihan soalnya juga agak beda sama contoh soal di penjelasan (latihannya lebih susah gitu) nthlh, tapi saya ngk puas pake apk ini ??",12/16/2020 18:24,1.60812E+12,"Halo, terima kasih untuk masukannya, masukan kamu akan menjadi pacuan kami untuk mengembangkan Quipper Video kedepannya. Mohon berkenan untuk update ke bintang 5 ya. :)",http://play.google.com/console/developers/4918360869960997146/app/4974629343297863794/user-feedback/review-details?reviewId=gp:AOqpTOHFc-Lc_lYNK52uzTPYbsvlz9AtV0d6-ax3ApwYzLe3dnq69NzVm82FcSr49jeCLXZwBUZ7eiYszaPbdQ&corpus=PUBLIC_REVIEWS
com.quipper.school.assignment,28465,6.0.36,en,OP4BFB,12/13/2020 15:47,1.60785E+12,12/13/2020 15:47,1.60785E+12,5,,,,,,
com.quipper.school.assignment,26310,6.0.24,id,ASUS_X01BD_2,12/13/2020 16:40,1.60785E+12,12/13/2020 16:40,1.60785E+12,1,,Tugas banyak otak panas,,,,http://play.google.com/console/developers/4918360869960997146/app/4974629343297863794/user-feedback/review-details?reviewId=gp:AOqpTOFyXHdypJczS7PjbLx0uI2tAAAPVONcRgGzR_bueBeIWN098sk4YJfphvo4n8oA2_KWqrlIBjt9apO0_A&corpus=PUBLIC_REVIEWS
com.quipper.school.assignment,28465,6.0.36,id,ASUS_X01BD_2,12/13/2020 18:31,1.60786E+12,12/13/2020 18:31,1.60786E+12,5,,,,,,
com.quipper.school.assignment,28122,6.0.34,id,OP4C72L1,12/13/2020 19:35,1.60786E+12,12/13/2020 19:35,1.60786E+12,5,,,,,,
com.quipper.school.assignment,22008,6.0.3,id,1804,12/13/2020 19:53,1.60786E+12,12/13/2020 19:53,1.60786E+12,5,,,,,,
com.quipper.school.assignment,26877,6.0.27,id,1904,12/13/2020 20:12,1.60787E+12,12/13/2020 20:12,1.60787E+12,5,,,,,,
com.quipper.school.assignment,28326,6.0.35,id,ASUS_X00IDC,12/13/2020 20:37,1.60787E+12,12/13/2020 20:37,1.60787E+12,2,,"Note dari salah satu pengguna apk quipper : nama panduan belajar yang didownload gak auto berubah, semua namanya sama, panduan belajar yang sebelumnya sudah didownload isinya jadi ke rewrite materi yang lain.",12/16/2020 17:55,1.60812E+12,"Halo, terima kasih untuk masukannya, masukan kamu akan menjadi pacuan kami untuk mengembangkan Quipper Video kedepannya. Panduan belajar untuk setiap topic akan sama ya, kami memberikan pilihan untuk mengunduh di setiap bagian agar tidak lupa di download saja. Mohon berkenan untuk update ke bintang 5 ya. :)",http://play.google.com/console/developers/4918360869960997146/app/4974629343297863794/user-feedback/review-details?reviewId=gp:AOqpTOGH5SwFnNP34sr56Frd7H0soTapsaY3o_jxetsn5NWbYBdRlLeeWTtiEmfGAknGpD0r53IijxalLjto9g&corpus=PUBLIC_REVIEWS
com.quipper.school.assignment,28326,6.0.35,en,1907,12/13/2020 22:28,1.60787E+12,12/13/2020 22:28,1.60787E+12,5,,,,,,
com.quipper.school.assignment,28465,6.0.36,id,M5,12/14/2020 7:30,1.60791E+12,12/14/2020 7:30,1.60791E+12,5,,,,,,
com.quipper.school.assignment,28465,6.0.36,id,RMX1925,12/14/2020 8:31,1.60791E+12,12/14/2020 8:31,1.60791E+12,5,,,,,,
com.quipper.school.assignment,28465,6.0.36,en,CPH1909,12/14/2020 9:33,1.60791E+12,12/14/2020 9:33,1.60791E+12,4,,good,12/16/2020 17:53,1.60812E+12,"Halo, terima kasih untuk masukannya, masukan kamu akan menjadi pacuan kami untuk mengembangkan Quipper Video kedepannya. Mohon berkenan untuk update ke bintang 5 ya. :)",http://play.google.com/console/developers/4918360869960997146/app/4974629343297863794/user-feedback/review-details?reviewId=gp:AOqpTOG8EsJesqIb7kwuXprs1XOYAW7uFhgqcLeA7l3fI4LqswaLytF27DgpBuZlYFVSwRkFqGKFeymbLGX5MQ&corpus=PUBLIC_REVIEWS
com.quipper.school.assignment,,,id,1606,12/14/2020 11:06,1.60792E+12,12/14/2020 11:06,1.60792E+12,4,,,,,,
com.quipper.school.assignment,27540,6.0.31,id,1606,12/14/2020 11:32,1.60792E+12,12/14/2020 11:32,1.60792E+12,1,,,,,,
com.quipper.school.assignment,28465,6.0.36,id,RE50C1,12/14/2020 12:24,1.60792E+12,12/14/2020 12:24,1.60792E+12,4,,Pengajar sih enak mudah dimengerti cuma yang bikin kesel nya ada masalah bug gitu kadang gambar nya di soal gak terlihat,12/16/2020 17:53,1.60812E+12,"Halo, terima kasih untuk masukannya, masukan kamu akan menjadi pacuan kami untuk mengembangkan Quipper Video kedepannya. Mohon berkenan untuk update ke bintang 5 ya. :)",http://play.google.com/console/developers/4918360869960997146/app/4974629343297863794/user-feedback/review-details?reviewId=gp:AOqpTOHVN_IHEUXJA0F7wuqCmgFz18uu1qL3ZlQIX3Io0kF9WQKph4arKaqU4HDG7vFf3QU6oGx2d8jgaUQS-A&corpus=PUBLIC_REVIEWS
com.quipper.school.assignment,28465,6.0.36,id,land,12/14/2020 13:59,1.60793E+12,12/14/2020 13:59,1.60793E+12,5,,,,,,
com.quipper.school.assignment,28465,6.0.36,en,CPH1909,12/14/2020 14:39,1.60793E+12,12/14/2020 14:39,1.60793E+12,5,,,,,,
com.quipper.school.assignment,27342,6.0.30,id,platina,12/14/2020 21:14,1.60796E+12,12/14/2020 21:14,1.60796E+12,5,,,,,,
com.quipper.school.assignment,28122,6.0.34,id,CPH1909,12/14/2020 22:29,1.60796E+12,12/14/2020 22:29,1.60796E+12,5,,,,,,
com.quipper.school.assignment,28465,6.0.36,id,a71,12/14/2020 22:47,1.60796E+12,12/14/2020 22:47,1.60796E+12,4,,,,,,
com.quipper.school.assignment,,,id,OP4EEA,12/15/2020 4:31,1.60798E+12,12/15/2020 4:31,1.60798E+12,4,,Bagus,,,,http://play.google.com/console/developers/4918360869960997146/app/4974629343297863794/user-feedback/review-details?reviewId=gp:AOqpTOFRTw6SBsomRpDuB0Fy2pucSpp6JVcYG0sYwbmvbiUA9KzT-xBt6KJAzfi4vZhDBn4SK8YzUlZUH1Rhnw&corpus=PUBLIC_REVIEWS
com.quipper.school.assignment,28326,6.0.35,id,m11q,12/15/2020 7:18,1.60799E+12,12/15/2020 7:18,1.60799E+12,5,,,,,,
com.quipper.school.assignment,28122,6.0.34,id,OP4EFDL1,12/15/2020 7:27,1.60799E+12,12/15/2020 7:27,1.60799E+12,1,,Aplikasi apa ini huh,,,,http://play.google.com/console/developers/4918360869960997146/app/4974629343297863794/user-feedback/review-details?reviewId=gp:AOqpTOF4uk-gky9zj2bTNRNJ7N34jtItatE0VIq6G1TReRuWlSJhIkkOmU2_XGty2gicm7XaE7nAcC4jUdmCcw&corpus=PUBLIC_REVIEWS
com.quipper.school.assignment,28465,6.0.36,id,whyred,12/15/2020 7:45,1.60799E+12,12/15/2020 7:45,1.60799E+12,5,,,,,,
com.quipper.school.assignment,28465,6.0.36,id,1814,12/15/2020 7:56,1.60799E+12,12/15/2020 7:56,1.60799E+12,5,,,,,,
com.quipper.school.assignment,28465,6.0.36,id,CPH1803,12/15/2020 10:31,1.608E+12,12/15/2020 10:31,1.608E+12,5,,,,,,
com.quipper.school.assignment,28122,6.0.34,en,pine,12/15/2020 11:41,1.60801E+12,12/15/2020 11:41,1.60801E+12,5,,,,,,
com.quipper.school.assignment,28326,6.0.35,id,rolex,12/15/2020 11:44,1.60801E+12,12/15/2020 11:44,1.60801E+12,3,,,,,,
com.quipper.school.assignment,28465,6.0.36,en,OP4B79L1,12/15/2020 12:33,1.60801E+12,12/15/2020 12:33,1.60801E+12,5,,,,,,
com.quipper.school.assignment,28326,6.0.35,id,CPH1909,12/15/2020 12:46,1.60801E+12,12/15/2020 12:46,1.60801E+12,5,,,,,,
com.quipper.school.assignment,27931,6.0.33,id,1724,12/15/2020 13:51,1.60802E+12,12/15/2020 13:51,1.60802E+12,4,,,,,,
com.quipper.school.assignment,,,id,grandpplte,12/15/2020 14:24,1.60802E+12,12/15/2020 14:24,1.60802E+12,5,,,,,,
com.quipper.school.assignment,28122,6.0.34,id,OP4C7D,12/15/2020 15:51,1.60802E+12,12/15/2020 15:51,1.60802E+12,5,,,,,,
com.quipper.school.assignment,28326,6.0.35,id,lavender,12/15/2020 17:30,1.60803E+12,12/15/2020 17:30,1.60803E+12,5,,,,,,
com.quipper.school.assignment,,,id,hermes,12/15/2020 17:37,1.60803E+12,12/15/2020 17:37,1.60803E+12,5,,,,,,
com.quipper.school.assignment,27105,6.0.29,id,OP4B79L1,12/15/2020 17:40,1.60803E+12,12/15/2020 17:40,1.60803E+12,1,,,,,,
com.quipper.school.assignment,28465,6.0.36,id,OP4BFB,12/15/2020 22:13,1.60805E+12,12/15/2020 22:13,1.60805E+12,1,,,,,,
com.quipper.school.assignment,28465,6.0.36,id,1201,12/16/2020 7:28,1.60808E+12,12/16/2020 7:28,1.60808E+12,5,,"Aplikasinya membantu banget, apalagi bbrp ada SUPER nya jadi lebih paham sama materinya, terimakasih ya..",,,,http://play.google.com/console/developers/4918360869960997146/app/4974629343297863794/user-feedback/review-details?reviewId=gp:AOqpTOEH9LSDZh0ZUV_6yl639LB3fqYFer3GKGoXLkyCPXKXoCYnCHwXkzFZjN_BKPlJns00rNANlZAfV8o1Jg&corpus=PUBLIC_REVIEWS
com.quipper.school.assignment,1919,2.3.1,id,ginkgo,12/16/2020 8:04,1.60808E+12,12/16/2020 8:04,1.60808E+12,5,,,,,,
com.quipper.school.assignment,28465,6.0.36,id,a50,12/16/2020 11:43,1.60809E+12,12/16/2020 11:43,1.60809E+12,5,,,,,,
com.quipper.school.assignment,28326,6.0.35,en,a51,12/16/2020 12:03,1.6081E+12,12/16/2020 12:03,1.6081E+12,5,,,,,,
com.quipper.school.assignment,27342,6.0.30,en,a10,12/16/2020 14:43,1.6081E+12,12/16/2020 14:43,1.6081E+12,5,,,,,,
com.quipper.school.assignment,28465,6.0.36,en,RMX2040,12/16/2020 15:12,1.60811E+12,12/16/2020 15:12,1.60811E+12,5,,,,,,
com.quipper.school.assignment,28465,6.0.36,en,SLD_sprout,12/16/2020 18:42,1.60812E+12,12/16/2020 18:42,1.60812E+12,4,,"The presentations for teachers are simple and easy to understand. I quite like this, but when answering the quizzes, sometimes there are grammatical errors. Also, I can't see the hints and, sometimes, the pictures, on the app.",,,,http://play.google.com/console/developers/4918360869960997146/app/4974629343297863794/user-feedback/review-details?reviewId=gp:AOqpTOHrCLp0AaQu-_mxtsUg5pqQKiqnMTXfU74VbmCgU9_jUXJkn5YvNF6qtJvqjDTS-NYm2oBjQjx5s2v9Ew&corpus=PUBLIC_REVIEWS
com.quipper.school.assignment,28465,6.0.36,id,1938,12/10/2020 9:30,1.60757E+12,12/16/2020 20:40,1.60813E+12,5,,Halo quipper saran saya cuman satu yaitu tolong tutor nya jangan nutupin papan tulis saya susah buat screenshot nya,12/16/2020 18:26,1.60812E+12,"Halo, terima kasih untuk masukannya, masukan kamu akan menjadi pacuan kami untuk mengembangkan Quipper Video kedepannya. Mohon berkenan untuk update ke bintang 5 ya. :)",http://play.google.com/console/developers/4918360869960997146/app/4974629343297863794/user-feedback/review-details?reviewId=gp:AOqpTOFIKCSdZpQK5JIK9hgEG_2hz9weeHHMcV0bqSOAOkIn4ECG6Ws3ELnttcPTrqPxz7tqlqbds649D8--KQ&corpus=PUBLIC_REVIEWS
com.quipper.school.assignment,27931,6.0.33,id,land,12/16/2020 20:57,1.60813E+12,12/16/2020 20:57,1.60813E+12,1,,Apl nya bagus banget sampe bikin otakku nguap kek mesin motor tua yg dipanasin Awokawokawok,,,,http://play.google.com/console/developers/4918360869960997146/app/4974629343297863794/user-feedback/review-details?reviewId=gp:AOqpTOHNblLbINWFtBE5xUHmFd9pujZlX3mVqgPwnSbwgIIHDSSKw7q1eT9RLwmdHjpRR0mp_NxIKfvJSvktng&corpus=PUBLIC_REVIEWS
com.quipper.school.assignment,28465,6.0.36,id,OP4883,12/16/2020 21:18,1.60813E+12,12/16/2020 21:18,1.60813E+12,5,,,,,,
com.quipper.school.assignment,28465,6.0.36,en,Infinix-X656,12/16/2020 21:57,1.60813E+12,12/16/2020 21:57,1.60813E+12,5,,,,,,
com.quipper.school.assignment,,,id,OP486B,12/16/2020 22:38,1.60813E+12,12/16/2020 22:38,1.60813E+12,1,,APLIKASI YANG BIKIN HIDUP GUA TERGANGGU,,,,http://play.google.com/console/developers/4918360869960997146/app/4974629343297863794/user-feedback/review-details?reviewId=gp:AOqpTOGPMJ5G49aBhjkdgHN1K3p4mJl3p1isW-tXGqp-APFgNHy-C9lVB7kV4l_tU8Z5LPGtAdbrIS89-yZ3FQ&corpus=PUBLIC_REVIEWS
com.quipper.school.assignment,,,id,pine,12/17/2020 4:18,1.60815E+12,12/17/2020 4:18,1.60815E+12,5,,,,,,
com.quipper.school.assignment,28465,6.0.36,id,CPH1901,12/17/2020 4:25,1.60815E+12,12/17/2020 4:25,1.60815E+12,3,,,,,,
com.quipper.school.assignment,28465,6.0.36,en,j6primelte,12/17/2020 10:30,1.60818E+12,12/17/2020 10:30,1.60818E+12,5,,,,,,
com.quipper.school.assignment,27105,6.0.29,id,CPH1803,12/17/2020 12:16,1.60818E+12,12/17/2020 12:16,1.60818E+12,1,,aplikasi asu,,,,http://play.google.com/console/developers/4918360869960997146/app/4974629343297863794/user-feedback/review-details?reviewId=gp:AOqpTOG3lv0muvVj8upeNw5tlfwVoLuHFFt9P_O_PTxrn5Z938wypQD66AtWH9NFA7aXbh0KYsdcYuH9d8bASw&corpus=PUBLIC_REVIEWS
com.quipper.school.assignment,28465,6.0.36,id,OP4B79L1,12/17/2020 12:16,1.60818E+12,12/17/2020 12:16,1.60818E+12,5,,,,,,
com.quipper.school.assignment,28122,6.0.34,id,OP4B79L1,12/17/2020 12:42,1.60818E+12,12/17/2020 12:42,1.60818E+12,5,,,,,,
com.quipper.school.assignment,26877,6.0.27,en,1719,12/17/2020 13:40,1.60819E+12,12/17/2020 13:40,1.60819E+12,5,,,,,,
com.quipper.school.assignment,28465,6.0.36,id,1906,12/17/2020 17:58,1.6082E+12,12/17/2020 17:58,1.6082E+12,5,,,,,,
com.quipper.school.assignment,28465,6.0.36,id,1718,12/17/2020 19:08,1.60821E+12,12/17/2020 19:08,1.60821E+12,5,,,,,,
com.quipper.school.assignment,28465,6.0.36,id,begonia,10/7/2020 17:42,1.60207E+12,12/17/2020 19:32,1.60821E+12,5,,,,,,
com.quipper.school.assignment,28465,6.0.36,id,a7y17lte,12/17/2020 19:45,1.60821E+12,12/17/2020 19:45,1.60821E+12,5,,,,,,
com.quipper.school.assignment,28122,6.0.34,en,OP4B79L1,12/17/2020 20:22,1.60821E+12,12/17/2020 20:22,1.60821E+12,5,,,,,,
com.quipper.school.assignment,28326,6.0.35,id,CPH1729,12/17/2020 20:38,1.60821E+12,12/17/2020 20:38,1.60821E+12,5,,aplikasi yg sangat bagussss,,,,http://play.google.com/console/developers/4918360869960997146/app/4974629343297863794/user-feedback/review-details?reviewId=gp:AOqpTOFsTgJmM56ivfXHn-ABAodQpoIXCQQV38H79Kz8_lczRrWUjJ_yfzsCS8ZLhjkDSNujuKdJ664qh_6yYg&corpus=PUBLIC_REVIEWS
com.quipper.school.assignment,,,id,j3xlte,12/17/2020 21:14,1.60821E+12,12/17/2020 21:14,1.60821E+12,5,,,,,,
com.quipper.school.assignment,28122,6.0.34,id,Infinix-X680B,12/17/2020 22:47,1.60822E+12,12/17/2020 22:47,1.60822E+12,4,,,,,,
com.quipper.school.assignment,28326,6.0.35,en,1906,12/17/2020 23:29,1.60822E+12,12/17/2020 23:29,1.60822E+12,5,,,,,,
com.quipper.school.assignment,28570,6.0.37,en,HWATU-QG,12/18/2020 7:42,1.60825E+12,12/18/2020 7:42,1.60825E+12,1,,I hate it i have a full network and all the pincture says try again and i can't retry it. My Class Is Completely Broken So Many Loading Icons Like They Are Late. THIS IS BULLS###,,,,http://play.google.com/console/developers/4918360869960997146/app/4974629343297863794/user-feedback/review-details?reviewId=gp:AOqpTOGwx1Ev-u4yTr6QR__Vo1rJ8d-XHPv2MFmeW-Ihnh0Xtw1iIdtv1UJKRnr-W-z50mZI97kQNS2eoxTMRQ&corpus=PUBLIC_REVIEWS
com.quipper.school.assignment,,,en,CPH1909,12/18/2020 10:04,1.60826E+12,12/18/2020 10:04,1.60826E+12,1,,,,,,
com.quipper.school.assignment,28570,6.0.37,en,RMX2040,12/18/2020 11:20,1.60827E+12,12/18/2020 11:20,1.60827E+12,5,,,,,,
com.quipper.school.assignment,28465,6.0.36,id,ASUS_X00T_2,12/18/2020 12:46,1.60827E+12,12/18/2020 12:46,1.60827E+12,5,,keren,,,,http://play.google.com/console/developers/4918360869960997146/app/4974629343297863794/user-feedback/review-details?reviewId=gp:AOqpTOHj5BQe76W4j-zK7-K2eXkuTUP9dcb4sgixQzCuV5-0brjVR7j83Uzq4N8TpAME0sHaSAZf2L2k_-lhLA&corpus=PUBLIC_REVIEWS
com.quipper.school.assignment,28465,6.0.36,id,1907,12/18/2020 13:31,1.60827E+12,12/18/2020 13:31,1.60827E+12,5,,"Hai quiper saya baru pertama kali menggunakan apk quiper untuk belajar tetapi kenapa saat saya sedang berada di tengah² pelajaran jadi loading lama ya?padahal jaringan saya stabil,mohon di perbaiki lagi ya????",,,,http://play.google.com/console/developers/4918360869960997146/app/4974629343297863794/user-feedback/review-details?reviewId=gp:AOqpTOGzStZgrlMihTrYMM3eDismGoigybv6eZzwm0OWOfVCr-uHqRFZVyFUFbYoYDpnX3LXzLrKfX_kQxHrew&corpus=PUBLIC_REVIEWS
com.quipper.school.assignment,28465,6.0.36,en,RMX2030,12/18/2020 17:16,1.60829E+12,12/18/2020 17:16,1.60829E+12,5,,,,,,
com.quipper.school.assignment,28465,6.0.36,en,1906,12/18/2020 18:28,1.60829E+12,12/18/2020 18:28,1.60829E+12,5,,,,,,
com.quipper.school.assignment,28465,6.0.36,id,CPH1901,12/18/2020 19:19,1.60829E+12,12/18/2020 19:19,1.60829E+12,3,,,,,,
com.quipper.school.assignment,28570,6.0.37,id,santoni,12/18/2020 21:12,1.6083E+12,12/18/2020 21:12,1.6083E+12,5,,,,,,
com.quipper.school.assignment,28570,6.0.37,id,a51,12/18/2020 21:38,1.6083E+12,12/18/2020 21:38,1.6083E+12,5,,,,,,
com.quipper.school.assignment,27540,6.0.31,en,1606,12/18/2020 22:14,1.6083E+12,12/18/2020 22:14,1.6083E+12,5,,gatau enak aja pake quipper,,,,http://play.google.com/console/developers/4918360869960997146/app/4974629343297863794/user-feedback/review-details?reviewId=gp:AOqpTOGEEEnIURrL8NsvC7OIRsxCZBYSCYG5jesVlb7XcRrVCsYaT1uv5TXK6T-OQtX4ezGAagLyjdRmdMo2vQ&corpus=PUBLIC_REVIEWS
com.quipper.school.assignment,27783,6.0.32,id,a11q,12/18/2020 22:19,1.6083E+12,12/18/2020 22:19,1.6083E+12,5,,,,,,
com.quipper.school.assignment,,,en,RMX2030,12/18/2020 22:41,1.60831E+12,12/18/2020 22:41,1.60831E+12,5,,,,,,
com.quipper.school.assignment,28465,6.0.36,id,merlin,12/18/2020 22:48,1.60831E+12,12/18/2020 22:48,1.60831E+12,1,,Tugassss teross,,,,http://play.google.com/console/developers/4918360869960997146/app/4974629343297863794/user-feedback/review-details?reviewId=gp:AOqpTOHg6Ymk9-5wclCdN4u4iIFMnbmGBkCfHXwi4D3aNzObzqUXqx_Rr8SBJg5q4iCWsmwB2zOPiRyO9mr7cw&corpus=PUBLIC_REVIEWS
com.quipper.school.assignment,28465,6.0.36,id,grandpplte,12/19/2020 11:36,1.60835E+12,12/19/2020 11:36,1.60835E+12,5,,,,,,
com.quipper.school.assignment,28570,6.0.37,id,OP4BFB,12/19/2020 15:55,1.60837E+12,12/19/2020 15:55,1.60837E+12,5,,,,,,
com.quipper.school.assignment,,,en,a71,12/19/2020 17:23,1.60837E+12,12/19/2020 17:23,1.60837E+12,1,,,,,,
com.quipper.school.assignment,27931,6.0.33,id,CPH1729,12/19/2020 19:45,1.60838E+12,12/19/2020 19:45,1.60838E+12,5,,,,,,
com.quipper.school.assignment,,,en,j7e3g,12/19/2020 20:05,1.60838E+12,12/19/2020 20:05,1.60838E+12,4,,,,,,
com.quipper.school.assignment,28570,6.0.37,id,CPH1803,12/19/2020 20:51,1.60839E+12,12/19/2020 20:51,1.60839E+12,5,,,,,,
com.quipper.school.assignment,28570,6.0.37,en,HWINE,12/19/2020 21:26,1.60839E+12,12/19/2020 21:26,1.60839E+12,5,,,,,,
com.quipper.school.assignment,28465,6.0.36,en,RMX1821,12/20/2020 5:53,1.60842E+12,12/20/2020 5:53,1.60842E+12,5,,,,,,
com.quipper.school.assignment,28570,6.0.37,id,on7xelte,12/20/2020 6:34,1.60842E+12,12/20/2020 6:34,1.60842E+12,5,,,,,,
com.quipper.school.assignment,28465,6.0.36,id,on7xelte,12/20/2020 8:13,1.60843E+12,12/20/2020 8:13,1.60843E+12,5,,,,,,
com.quipper.school.assignment,28465,6.0.36,id,rolex,11/19/2020 9:12,1.60575E+12,12/20/2020 15:02,1.60845E+12,2,,"saya heran sama ni apk misalnya pas ngerjain soal tak jawab soalnya ""a"" salah, pas ngulang lagi jawabanya ""a"" lagi malah bener??? ni apk kemasukan apa yakk??? ??????",11/26/2020 15:15,1.60638E+12,"Halo, terima kasih untuk masukannya, boleh tolong kirimkan masukan lebih detail ke email kami di info-id@quipper.com atau hubungi WA di 0811 9941 637.",http://play.google.com/console/developers/4918360869960997146/app/4974629343297863794/user-feedback/review-details?reviewId=gp:AOqpTOGaWLEZtkTM-Lx8gFUz94G2fDyPuYbzBZPZFF7iXRyIzlROG-nGvejmAk6aAM3h0qrky6bWH31VFWTIRg&corpus=PUBLIC_REVIEWS
com.quipper.school.assignment,28570,6.0.37,en,OP4BFB,12/20/2020 15:27,1.60845E+12,12/20/2020 15:27,1.60845E+12,3,,,,,,
com.quipper.school.assignment,28570,6.0.37,id,1819,12/18/2020 12:40,1.60827E+12,12/20/2020 16:35,1.60846E+12,1,,,,,,
com.quipper.school.assignment,28465,6.0.36,id,ginkgo,12/20/2020 17:44,1.60846E+12,12/20/2020 17:44,1.60846E+12,1,,Mahal. Susah masuk di otak juga materi nya. Dah lah nyesal pokoknya. Mending bimble online sebelah ??,,,,http://play.google.com/console/developers/4918360869960997146/app/4974629343297863794/user-feedback/review-details?reviewId=gp:AOqpTOFamYLRWLxkkcEcMKaAlnotLaZSYB475X_dMVygmj-X2wyyVZgR6kAX4hfws0t0rAjsbGTYnGL_QrqoNw&corpus=PUBLIC_REVIEWS
com.quipper.school.assignment,,,en,onc,12/20/2020 17:44,1.60846E+12,12/20/2020 17:44,1.60846E+12,1,,,,,,
com.quipper.school.assignment,28570,6.0.37,id,RMX2151L1,12/20/2020 19:06,1.60847E+12,12/20/2020 19:06,1.60847E+12,5,,,,,,
com.quipper.school.assignment,27931,6.0.33,id,riva,12/20/2020 19:59,1.60847E+12,12/20/2020 19:59,1.60847E+12,5,,,,,,
com.quipper.school.assignment,28570,6.0.37,en,mido,12/20/2020 20:04,1.60847E+12,12/20/2020 20:04,1.60847E+12,1,,,,,,
com.quipper.school.assignment,,,id,1915,12/20/2020 5:56,1.60842E+12,12/20/2020 20:31,1.60847E+12,5,,,,,,
com.quipper.school.assignment,28570,6.0.37,en,1907,12/20/2020 21:01,1.60847E+12,12/20/2020 21:01,1.60847E+12,5,,,,,,
com.quipper.school.assignment,,,id,on5xelte,12/20/2020 22:53,1.60848E+12,12/20/2020 22:53,1.60848E+12,3,,Kenapa saya tidak bisa masuk akun quipper saya yang telah dikaitkan dengan akun google???,,,,http://play.google.com/console/developers/4918360869960997146/app/4974629343297863794/user-feedback/review-details?reviewId=gp:AOqpTOHl2CmMB6PWWWdwALM0y67syJJJDBesdoTciKEom6KhyYTHL-qvSvQ34tZjNtE3YK7gxgoPkgoUQiLKAw&corpus=PUBLIC_REVIEWS
com.quipper.school.assignment,,,id,olivelite,12/21/2020 8:05,1.60851E+12,12/21/2020 8:05,1.60851E+12,1,,Kenapa kalo liat tugas gk ada tugasnya pada hilang,,,,http://play.google.com/console/developers/4918360869960997146/app/4974629343297863794/user-feedback/review-details?reviewId=gp:AOqpTOHqmk8yADMVfQdRAi4kmlpvQ0ygSft0EzLdzK71Tyc5aajnEN0O1JPSRUzbOmXyR9irUts1sGbGl-p7xg&corpus=PUBLIC_REVIEWS
com.quipper.school.assignment,28465,6.0.36,id,a10,12/21/2020 10:03,1.60852E+12,12/21/2020 10:03,1.60852E+12,5,,good,,,,http://play.google.com/console/developers/4918360869960997146/app/4974629343297863794/user-feedback/review-details?reviewId=gp:AOqpTOGRXpl3UkQdj0fdOIRvBfiwfqphDvpspmkg9-i5yhg758K9tZaDXwRIRaxQYoD__lCJEDlMUr1o8r-Qlw&corpus=PUBLIC_REVIEWS
com.quipper.school.assignment,27342,6.0.30,id,a7y18lte,12/21/2020 11:01,1.60852E+12,12/21/2020 11:01,1.60852E+12,5,,,,,,
com.quipper.school.assignment,28570,6.0.37,id,cactus,12/21/2020 11:34,1.60853E+12,12/21/2020 11:34,1.60853E+12,3,,,,,,
com.quipper.school.assignment,28326,6.0.35,id,CPH1701,12/21/2020 18:05,1.60855E+12,12/21/2020 18:05,1.60855E+12,1,,,,,,
com.quipper.school.assignment,,,en,1938,12/19/2020 11:57,1.60835E+12,12/21/2020 18:27,1.60855E+12,5,,,,,,
com.quipper.school.assignment,28465,6.0.36,id,1719,12/21/2020 20:55,1.60856E+12,12/21/2020 20:55,1.60856E+12,5,,,,,,
com.quipper.school.assignment,,,id,CPH1801,12/22/2020 9:01,1.6086E+12,12/22/2020 9:01,1.6086E+12,5,,,,,,
com.quipper.school.assignment,28570,6.0.37,id,RMX1821,12/22/2020 9:25,1.6086E+12,12/22/2020 9:25,1.6086E+12,5,,,,,,
com.quipper.school.assignment,28570,6.0.37,en,a5y17lte,12/22/2020 9:48,1.60861E+12,12/22/2020 9:48,1.60861E+12,5,,,,,,
com.quipper.school.assignment,,,id,CPH1801,12/22/2020 13:32,1.60862E+12,12/22/2020 13:32,1.60862E+12,5,,,,,,
com.quipper.school.assignment,28570,6.0.37,id,OP4B79L1,12/22/2020 19:40,1.60864E+12,12/22/2020 19:40,1.60864E+12,1,,"GA BAGUS APK NYA, GA USAH DONLOD NGAB. UNTUNG ENGGA RUGI IYAA LOGIN AJA GA BISA, BODOH BANGET NIH APK????",,,,http://play.google.com/console/developers/4918360869960997146/app/4974629343297863794/user-feedback/review-details?reviewId=gp:AOqpTOHFtbPKdAQsiqo4ysjR7CNuK7Pyorpol5V2oSEy-hzJvzTPVL7md2RI-2RPQIeBtN0e3c9Wu6h7uNmTuQ&corpus=PUBLIC_REVIEWS
com.quipper.school.assignment,28570,6.0.37,id,CPH1803,12/22/2020 21:07,1.60865E+12,12/22/2020 21:07,1.60865E+12,5,,,,,,
com.quipper.school.assignment,28570,6.0.37,en,HWINE,12/22/2020 21:22,1.60865E+12,12/22/2020 21:22,1.60865E+12,5,,,,,,
com.quipper.school.assignment,28570,6.0.37,id,riva,12/22/2020 21:53,1.60865E+12,12/22/2020 21:53,1.60865E+12,5,,,,,,
com.quipper.school.assignment,,,id,1901,12/22/2020 22:32,1.60865E+12,12/22/2020 22:32,1.60865E+12,5,,,,,,
com.quipper.school.assignment,28570,6.0.37,en,ginkgo,12/23/2020 2:35,1.60867E+12,12/23/2020 2:35,1.60867E+12,1,,,,,,
com.quipper.school.assignment,28326,6.0.35,id,OnePlus7Pro,12/23/2020 4:02,1.60867E+12,12/23/2020 4:02,1.60867E+12,5,,Sangat membantu bagi pelajar,,,,http://play.google.com/console/developers/4918360869960997146/app/4974629343297863794/user-feedback/review-details?reviewId=gp:AOqpTOHQPUlDmNRUWHs_rmJN6zvpZzOsVpMpmype4jW4HBK8E0BCg8hNIzxpcPFeH44Uwkekjd88FnLnEcjW7A&corpus=PUBLIC_REVIEWS
com.quipper.school.assignment,28570,6.0.37,id,A37f,12/23/2020 8:52,1.60869E+12,12/23/2020 8:52,1.60869E+12,5,,Mantap,,,,http://play.google.com/console/developers/4918360869960997146/app/4974629343297863794/user-feedback/review-details?reviewId=gp:AOqpTOFB6LG8PnYjnV6Mie3ESM-IomTabUpVzKzzTH4K2TYM2hGHS0lrgH4-c0AZvfnjPYaWoxg2XY8p4a9JUQ&corpus=PUBLIC_REVIEWS
com.quipper.school.assignment,28570,6.0.37,en,1820,12/23/2020 10:29,1.60869E+12,12/23/2020 10:29,1.60869E+12,5,,,,,,
com.quipper.school.assignment,28570,6.0.37,id,m21,12/23/2020 10:35,1.60869E+12,12/23/2020 10:35,1.60869E+12,4,,,,,,
com.quipper.school.assignment,,,id,A7700,12/23/2020 10:54,1.6087E+12,12/23/2020 10:54,1.6087E+12,5,,,,,,
com.quipper.school.assignment,28465,6.0.36,id,RMX1941,12/23/2020 12:39,1.6087E+12,12/23/2020 12:39,1.6087E+12,5,,good,,,,http://play.google.com/console/developers/4918360869960997146/app/4974629343297863794/user-feedback/review-details?reviewId=gp:AOqpTOHa08GLHYE0whURVPsXCUEZz8Pl8wRrclE7cxokIF5KkbgklUR5wmmBADJk9mBC9n-KPLYluU0gqMlvEQ&corpus=PUBLIC_REVIEWS
com.quipper.school.assignment,27931,6.0.33,en,CPH1609,12/23/2020 12:53,1.6087E+12,12/23/2020 12:53,1.6087E+12,5,,,,,,
com.quipper.school.assignment,28570,6.0.37,id,V57,12/23/2020 13:30,1.60871E+12,12/23/2020 13:30,1.60871E+12,5,,,,,,
com.quipper.school.assignment,28465,6.0.36,en,2023,12/23/2020 21:58,1.60874E+12,12/23/2020 21:58,1.60874E+12,5,,EKONOMINYA BAGUS BANGETTT SUMPAH,,,,http://play.google.com/console/developers/4918360869960997146/app/4974629343297863794/user-feedback/review-details?reviewId=gp:AOqpTOEmzwaex-N-sIWtrYWkLSPxzO_6trmIGFfPlfCGJcUEN5FO8J-PKm8WcJGQQmcXJeWgEWpypaeGDgFy9A&corpus=PUBLIC_REVIEWS
com.quipper.school.assignment,,,id,A1603,12/23/2020 22:21,1.60874E+12,12/23/2020 22:21,1.60874E+12,5,,,,,,
com.quipper.school.assignment,28570,6.0.37,en,whyred,12/24/2020 12:00,1.60879E+12,12/24/2020 12:00,1.60879E+12,5,,,,,,
com.quipper.school.assignment,28570,6.0.37,id,CPH1803,12/24/2020 14:34,1.6088E+12,12/24/2020 14:34,1.6088E+12,5,,,,,,
com.quipper.school.assignment,28326,6.0.35,id,1606,12/24/2020 14:35,1.6088E+12,12/24/2020 14:35,1.6088E+12,5,,,,,,
com.quipper.school.assignment,28326,6.0.35,id,OP4C72L1,12/24/2020 15:56,1.6088E+12,12/24/2020 15:56,1.6088E+12,5,,,,,,
com.quipper.school.assignment,28326,6.0.35,id,a30s,12/24/2020 18:00,1.60881E+12,12/24/2020 18:00,1.60881E+12,5,,,,,,
com.quipper.school.assignment,27931,6.0.33,id,OP4883,12/24/2020 23:24,1.60883E+12,12/24/2020 23:24,1.60883E+12,5,,,,,,
com.quipper.school.assignment,28465,6.0.36,en,curtana,12/25/2020 8:29,1.60886E+12,12/25/2020 8:29,1.60886E+12,4,,,,,,
com.quipper.school.assignment,28570,6.0.37,id,a7xelte,12/25/2020 14:42,1.60888E+12,12/25/2020 14:42,1.60888E+12,5,,sangat membantu saya,,,,http://play.google.com/console/developers/4918360869960997146/app/4974629343297863794/user-feedback/review-details?reviewId=gp:AOqpTOH7JGJJYidLD5XBTm7aKxovwbs-d6Sn6SVDDdNsTa9Gaf11_JrySFSu_s43l52Jpc0mbWhRkJ27qR5jGQ&corpus=PUBLIC_REVIEWS
com.quipper.school.assignment,28570,6.0.37,en,HWCPN-Q,12/25/2020 16:23,1.60889E+12,12/25/2020 16:23,1.60889E+12,1,,,,,,
com.quipper.school.assignment,28570,6.0.37,id,a51,12/25/2020 17:46,1.60889E+12,12/25/2020 17:46,1.60889E+12,5,,baaaguss banget,,,,http://play.google.com/console/developers/4918360869960997146/app/4974629343297863794/user-feedback/review-details?reviewId=gp:AOqpTOFWEWNl5nf1THYzM5lg2YG-p9uonpCKRPZ4gE2kEqEpBGylXS72c0jMdnYsA0v0PLif5bbF-2c2lrllLg&corpus=PUBLIC_REVIEWS
com.quipper.school.assignment,27783,6.0.32,id,1606,12/25/2020 21:02,1.6089E+12,12/25/2020 21:02,1.6089E+12,5,,,,,,
com.quipper.school.assignment,28570,6.0.37,en,a20s,12/25/2020 23:40,1.60891E+12,12/25/2020 23:40,1.60891E+12,5,,,,,,
com.quipper.school.assignment,17026,5.24.0,id,OP4BFB,12/26/2020 0:54,1.60892E+12,12/26/2020 0:54,1.60892E+12,5,,,,,,
com.quipper.school.assignment,28122,6.0.34,id,RMX1941,12/26/2020 4:57,1.60893E+12,12/26/2020 4:57,1.60893E+12,4,,,,,,
com.quipper.school.assignment,28570,6.0.37,id,a21s,12/26/2020 5:00,1.60893E+12,12/26/2020 5:00,1.60893E+12,5,,,,,,
com.quipper.school.assignment,28122,6.0.34,id,j5xnlte,12/26/2020 9:53,1.60895E+12,12/26/2020 9:53,1.60895E+12,5,,mantaf aplikasinya..???????????????? tingkatkan kualitasnya??,,,,http://play.google.com/console/developers/4918360869960997146/app/4974629343297863794/user-feedback/review-details?reviewId=gp:AOqpTOGSFjFLRr3KPFDFX2IVoyI6LTh5Ibj1vglous_zL9JVktRC6ELyos_j8u20mUrGrpy1vZBM0RUZ8kE7Yg&corpus=PUBLIC_REVIEWS
com.quipper.school.assignment,28570,6.0.37,en,CPH1725,12/26/2020 10:12,1.60895E+12,12/26/2020 10:12,1.60895E+12,5,,,,,,
com.quipper.school.assignment,28570,6.0.37,id,CPH1909,12/26/2020 13:03,1.60896E+12,12/26/2020 13:03,1.60896E+12,5,,,,,,
com.quipper.school.assignment,,,en,HWJSN-H,12/26/2020 18:42,1.60898E+12,12/26/2020 18:42,1.60898E+12,5,,,,,,
com.quipper.school.assignment,28122,6.0.34,id,1820,12/27/2020 19:41,1.60907E+12,12/27/2020 19:41,1.60907E+12,5,,,,,,
com.quipper.school.assignment,28570,6.0.37,en,a20s,12/27/2020 19:51,1.60907E+12,12/27/2020 19:51,1.60907E+12,5,,,,,,
com.quipper.school.assignment,28465,6.0.36,en,a6plte,12/27/2020 20:59,1.60908E+12,12/27/2020 20:59,1.60908E+12,5,,,,,,
com.quipper.school.assignment,27540,6.0.31,id,OP486C,12/27/2020 21:28,1.60908E+12,12/27/2020 21:28,1.60908E+12,5,,"Aplikasi yg sangat bagus utk membantu membimbing dalam belajar dan juga videonya lengkap, thx quipper:)",,,,http://play.google.com/console/developers/4918360869960997146/app/4974629343297863794/user-feedback/review-details?reviewId=gp:AOqpTOEcmI1hb7F-PBOCtiEdBqJrepOt8ooVSHkqDYIX4V8c6XM0ePx75W37CPJrssAsqhAHtM5Or7KZvJ-ZIg&corpus=PUBLIC_REVIEWS
com.quipper.school.assignment,,,id,dandelion,12/27/2020 21:48,1.60908E+12,12/27/2020 21:48,1.60908E+12,4,,,,,,
com.quipper.school.assignment,28570,6.0.37,id,CPH1803,12/27/2020 21:52,1.60908E+12,12/27/2020 21:52,1.60908E+12,5,,,,,,
com.quipper.school.assignment,,,id,riva,12/27/2020 23:12,1.60909E+12,12/27/2020 23:12,1.60909E+12,5,,,,,,
com.quipper.school.assignment,28122,6.0.34,id,ASUS_X00R_5,12/28/2020 7:26,1.60912E+12,12/28/2020 7:26,1.60912E+12,5,,,,,,
com.quipper.school.assignment,28326,6.0.35,en,1819,12/28/2020 9:06,1.60912E+12,12/28/2020 9:06,1.60912E+12,5,,,,,,
com.quipper.school.assignment,28465,6.0.36,id,OP4C7D,12/28/2020 9:35,1.60912E+12,12/28/2020 9:35,1.60912E+12,4,,"Quipper saya dibuka soal""nya pada ilang semua,dan loading trus",,,,http://play.google.com/console/developers/4918360869960997146/app/4974629343297863794/user-feedback/review-details?reviewId=gp:AOqpTOGtdUQrasXjs20hN4--9H4p6MET_l7tUYFTS_NVTItmGqE5jtbtGiTqB5fJskt3E_Jz1wKv0BZaz1akpw&corpus=PUBLIC_REVIEWS
com.quipper.school.assignment,28570,6.0.37,id,m31,12/28/2020 11:15,1.60913E+12,12/28/2020 11:15,1.60913E+12,5,,,,,,
com.quipper.school.assignment,28465,6.0.36,en,RMX1821,12/28/2020 15:33,1.60914E+12,12/28/2020 15:33,1.60914E+12,5,,sangat membantu saya dalam belajar,,,,http://play.google.com/console/developers/4918360869960997146/app/4974629343297863794/user-feedback/review-details?reviewId=gp:AOqpTOE_fVIMePBPA8OhgGj6zICRiwt_j9Pj2i-RkWem_ioc6NXIeRUUREkU8P4_zwi7vvKEO0owRBn46zufvA&corpus=PUBLIC_REVIEWS
com.quipper.school.assignment,,,id,lavender,12/28/2020 15:54,1.60915E+12,12/28/2020 15:54,1.60915E+12,5,,,,,,
com.quipper.school.assignment,28326,6.0.35,en,CPH1803,12/28/2020 16:37,1.60915E+12,12/28/2020 16:37,1.60915E+12,4,,,,,,
com.quipper.school.assignment,28570,6.0.37,id,j7y17lte,12/28/2020 19:37,1.60916E+12,12/28/2020 19:37,1.60916E+12,5,,,,,,
com.quipper.school.assignment,28570,6.0.37,id,a01q,12/28/2020 19:48,1.60916E+12,12/28/2020 19:48,1.60916E+12,5,,,,,,
com.quipper.school.assignment,28122,6.0.34,id,joyeuse,12/28/2020 19:51,1.60916E+12,12/28/2020 19:51,1.60916E+12,5,,,,,,
com.quipper.school.assignment,,,id,CPH1853,12/28/2020 20:07,1.60916E+12,12/28/2020 20:07,1.60916E+12,4,,,,,,
com.quipper.school.assignment,28570,6.0.37,en,dreamlte,12/28/2020 21:56,1.60917E+12,12/28/2020 21:56,1.60917E+12,4,,"aplikasinya lumayan mudah digunakan. namun saat mendaftarkan akun sebaiknya disarankan langsung kaitkan ke/dengan email atau akun sosial media sehingga kalau lupa username dan password, bisa lebih mudah memulihkan akunnya.",,,,http://play.google.com/console/developers/4918360869960997146/app/4974629343297863794/user-feedback/review-details?reviewId=gp:AOqpTOHDKMHdbPirOneMSg3VwMwrt-SCJZczXN01nVuPBUeeelVaP2iWi06InHjh8Kw07mgUMWpJl0KQ9SwzrA&corpus=PUBLIC_REVIEWS
com.quipper.school.assignment,28326,6.0.35,id,1904,12/29/2020 6:39,1.6092E+12,12/29/2020 6:39,1.6092E+12,4,,sangat membantu dalam belajar soal2 sbmptn,,,,http://play.google.com/console/developers/4918360869960997146/app/4974629343297863794/user-feedback/review-details?reviewId=gp:AOqpTOE52FsbZzeQob4k3jwQuheFiFlvljPuTnuOrjUqrMUojKgYgyVxd7Hpw5nd1fouaU3XUlV_vKArmAOsaw&corpus=PUBLIC_REVIEWS
com.quipper.school.assignment,,,id,riva,12/29/2020 9:30,1.60921E+12,12/29/2020 9:30,1.60921E+12,5,,,,,,
com.quipper.school.assignment,28122,6.0.34,id,a50,12/29/2020 9:51,1.60921E+12,12/29/2020 9:51,1.60921E+12,5,,,,,,
com.quipper.school.assignment,,,id,a50s,12/29/2020 19:09,1.60924E+12,12/29/2020 19:09,1.60924E+12,1,,,,,,
